mus,rho,duration,warmup,staleness,num_dispatchers,desync,service_cv,burstiness,burst_period,gray_server,gray_factor,gray_start,scenario,policy,seed,requests,mean_ms,p50_ms,p99_ms,p999_ms,joined_queue_mean,joined_queue_p99,fano,probes_per_request,experiment,policy_kwargs
200/200/150/150/100/100/50/50,0.75,30.0,3.0,0.05,16,False,1.0,0.0,0.5,0,0.2,12.0,gray,p2c,0,20488,58.94161135215274,30.970431574623092,354.1510066166735,495.66442499540915,4.151600937133932,14.0,2.476323559311223,0.0,frontier,
200/200/150/150/100/100/50/50,0.75,30.0,3.0,0.05,16,False,1.0,0.0,0.5,0,0.2,12.0,gray,p2c,1,20301,59.82798182269237,31.465856809276715,383.8376516600448,504.97192479893124,4.202600857100635,14.0,2.488411573962072,0.0,frontier,
200/200/150/150/100/100/50/50,0.75,30.0,3.0,0.05,16,False,1.0,0.0,0.5,0,0.2,12.0,gray,p2c,2,20391,56.52802633850627,30.134623663300886,339.5337418239566,462.52260796268934,3.996027659261439,14.0,2.5194919913265306,0.0,frontier,
200/200/150/150/100/100/50/50,0.75,30.0,3.0,0.05,16,False,1.0,0.0,0.5,0,0.2,12.0,gray,p2c,3,20225,57.24874053392206,29.692212064173162,354.69169150611316,464.6045427619027,3.9949567367119903,14.0,2.45861103950727,0.0,frontier,
200/200/150/150/100/100/50/50,0.75,30.0,3.0,0.05,16,False,1.0,0.0,0.5,0,0.2,12.0,gray,p2c,4,20322,59.419384385221996,32.00012470114455,374.5813714077265,531.5277725700569,4.193878555260309,14.0,2.5258655480515966,0.0,frontier,
200/200/150/150/100/100/50/50,0.75,30.0,3.0,0.05,16,False,1.0,0.0,0.5,0,0.2,12.0,gray,p2c,5,20399,62.898394053093185,32.177376639776156,407.8444863411407,548.0973383426705,4.3985979704887495,15.0,2.380902206550566,0.0,frontier,
200/200/150/150/100/100/50/50,0.75,30.0,3.0,0.05,16,False,1.0,0.0,0.5,0,0.2,12.0,gray,p2c,6,20378,57.020697320417156,30.564213006363694,331.0703382580419,437.087835881549,4.0320443615663955,13.0,2.513136283230355,0.0,frontier,
200/200/150/150/100/100/50/50,0.75,30.0,3.0,0.05,16,False,1.0,0.0,0.5,0,0.2,12.0,gray,p2c,7,20142,54.56343020687752,28.579491231965015,330.75187760003683,458.18658288824685,3.7676993347234635,12.0,2.4291562437799206,0.0,frontier,
200/200/150/150/100/100/50/50,0.75,30.0,3.0,0.05,16,False,1.0,0.0,0.5,0,0.2,12.0,gray,p2c,8,20380,56.63740695639558,30.30178506903347,330.93206531130653,484.46947562968654,3.9837585868498526,13.0,2.410662000707972,0.0,frontier,
200/200/150/150/100/100/50/50,0.75,30.0,3.0,0.05,16,False,1.0,0.0,0.5,0,0.2,12.0,gray,p2c,9,20356,60.80598320415866,32.01071222184959,363.25841304361103,532.7974556210626,4.306150520730989,15.0,2.4378764178065477,0.0,frontier,
200/200/150/150/100/100/50/50,0.75,30.0,3.0,0.05,16,False,1.0,0.0,0.5,0,0.2,12.0,gray,p2c_learned,0,20488,42.53440377609455,28.86601825506485,224.6581088370273,576.1767104312227,3.6602401405700897,13.0,2.126257431745701,0.0,frontier,
200/200/150/150/100/100/50/50,0.75,30.0,3.0,0.05,16,False,1.0,0.0,0.5,0,0.2,12.0,gray,p2c_learned,1,20301,41.29041386421475,27.46899652706425,228.04179862737328,386.98168079677055,3.612974730308852,14.0,2.091429919821695,0.0,frontier,
200/200/150/150/100/100/50/50,0.75,30.0,3.0,0.05,16,False,1.0,0.0,0.5,0,0.2,12.0,gray,p2c_learned,2,20391,38.82354760164468,26.461592474731788,200.5607628090043,384.3313202205078,3.36212054337698,13.0,2.100490575661662,0.0,frontier,
200/200/150/150/100/100/50/50,0.75,30.0,3.0,0.05,16,False,1.0,0.0,0.5,0,0.2,12.0,gray,p2c_learned,3,20225,39.8663762940557,26.511301220868866,202.33068093794046,617.240890114337,3.409690976514215,13.0,2.182308421479191,0.0,frontier,
200/200/150/150/100/100/50/50,0.75,30.0,3.0,0.05,16,False,1.0,0.0,0.5,0,0.2,12.0,gray,p2c_learned,4,20322,42.53357444368872,29.329566253669892,220.92551110240774,383.7641332054016,3.7736935341009743,14.0,2.1213773353272813,0.0,frontier,
200/200/150/150/100/100/50/50,0.75,30.0,3.0,0.05,16,False,1.0,0.0,0.5,0,0.2,12.0,gray,p2c_learned,5,20399,45.20028303489485,29.86654760923102,262.628281822452,492.7495114656528,3.9287710181871662,15.0,2.1682710711682436,0.0,frontier,
200/200/150/150/100/100/50/50,0.75,30.0,3.0,0.05,16,False,1.0,0.0,0.5,0,0.2,12.0,gray,p2c_learned,6,20378,41.71297304008267,26.677401091503405,234.8775465912635,519.9454067942656,3.5583963097458042,13.229999999999563,2.0125964680794306,0.0,frontier,
200/200/150/150/100/100/50/50,0.75,30.0,3.0,0.05,16,False,1.0,0.0,0.5,0,0.2,12.0,gray,p2c_learned,7,20142,36.759449897728764,25.19772270361176,202.1133228138456,305.6774746532108,3.197795650878761,12.0,2.0035384154369584,0.0,frontier,
200/200/150/150/100/100/50/50,0.75,30.0,3.0,0.05,16,False,1.0,0.0,0.5,0,0.2,12.0,gray,p2c_learned,8,20380,39.987480358399395,26.99984534239297,218.18382346329702,338.7315738957978,3.5189401373895977,14.0,2.032297000238052,0.0,frontier,
200/200/150/150/100/100/50/50,0.75,30.0,3.0,0.05,16,False,1.0,0.0,0.5,0,0.2,12.0,gray,p2c_learned,9,20356,42.45959475540498,28.912689295130356,220.2191069970356,398.605354222474,3.7128610729023386,15.0,2.180626192353856,0.0,frontier,
200/200/150/150/100/100/50/50,0.75,30.0,3.0,0.05,16,False,1.0,0.0,0.5,0,0.2,12.0,gray,p2c_learned,0,20488,33.507509059126605,23.259942339832307,174.17214650499074,335.97688722984856,2.609771573604061,10.0,1.2091025571678147,2.0,frontier,d=2;probe=True
200/200/150/150/100/100/50/50,0.75,30.0,3.0,0.05,16,False,1.0,0.0,0.5,0,0.2,12.0,gray,p2c_learned,1,20301,32.93464702749622,21.944956130646176,176.28640954911566,274.14844023935854,2.6149450765972118,11.0,1.1875608195292402,2.0,frontier,d=2;probe=True
200/200/150/150/100/100/50/50,0.75,30.0,3.0,0.05,16,False,1.0,0.0,0.5,0,0.2,12.0,gray,p2c_learned,2,20391,31.484905180433184,21.097176209824653,158.37200380691186,246.25257292697123,2.434652542788485,10.0,1.1964877544575798,2.0,frontier,d=2;probe=True
200/200/150/150/100/100/50/50,0.75,30.0,3.0,0.05,16,False,1.0,0.0,0.5,0,0.2,12.0,gray,p2c_learned,3,20225,30.032173115125858,20.69265740198034,156.3747006062251,279.44710681525663,2.292014833127318,9.0,1.187146517224131,2.0,frontier,d=2;probe=True
200/200/150/150/100/100/50/50,0.75,30.0,3.0,0.05,16,False,1.0,0.0,0.5,0,0.2,12.0,gray,p2c_learned,4,20322,32.83298647433468,22.598303913323292,164.43020119388765,257.81642511348537,2.6055014270248993,10.0,1.1796900240129544,2.0,frontier,d=2;probe=True
200/200/150/150/100/100/50/50,0.75,30.0,3.0,0.05,16,False,1.0,0.0,0.5,0,0.2,12.0,gray,p2c_learned,5,20399,35.007740473582984,23.303067547338685,189.2650468294324,343.225002548152,2.781655963527624,11.0,1.2067472678914763,2.0,frontier,d=2;probe=True
200/200/150/150/100/100/50/50,0.75,30.0,3.0,0.05,16,False,1.0,0.0,0.5,0,0.2,12.0,gray,p2c_learned,6,20378,32.53742264443369,21.242437588321117,171.30049988734444,323.4234513772108,2.525664932770635,10.0,1.2146424769065283,2.0,frontier,d=2;probe=True
200/200/150/150/100/100/50/50,0.75,30.0,3.0,0.05,16,False,1.0,0.0,0.5,0,0.2,12.0,gray,p2c_learned,7,20142,29.9252698744811,20.16094101147914,163.32414758528827,223.8336628021793,2.3025022341376227,10.0,1.2022712894167653,2.0,frontier,d=2;probe=True
200/200/150/150/100/100/50/50,0.75,30.0,3.0,0.05,16,False,1.0,0.0,0.5,0,0.2,12.0,gray,p2c_learned,8,20380,32.65808494032687,21.88563938797161,170.14235650322135,315.0572389237784,2.5789499509322864,12.0,1.1850764637422764,2.0,frontier,d=2;probe=True
200/200/150/150/100/100/50/50,0.75,30.0,3.0,0.05,16,False,1.0,0.0,0.5,0,0.2,12.0,gray,p2c_learned,9,20356,32.64824480552711,21.98897960642121,164.35429874710601,272.9987596412917,2.5905875417567303,11.0,1.1936261372894323,2.0,frontier,d=2;probe=True
200/200/150/150/100/100/50/50,0.75,30.0,3.0,0.05,16,False,1.0,0.0,0.5,0,0.2,12.0,gray,p2c_learned,0,20488,23.65978009835192,17.613911234120927,110.8361737033346,186.63347169966812,1.877977352596642,8.0,1.184086571362934,3.0,frontier,d=3;probe=True
200/200/150/150/100/100/50/50,0.75,30.0,3.0,0.05,16,False,1.0,0.0,0.5,0,0.2,12.0,gray,p2c_learned,1,20301,23.94127410319467,17.357999534976187,117.39115675179512,209.20073476350973,1.924387961184178,9.0,1.2459438581408824,3.0,frontier,d=3;probe=True
200/200/150/150/100/100/50/50,0.75,30.0,3.0,0.05,16,False,1.0,0.0,0.5,0,0.2,12.0,gray,p2c_learned,2,20391,23.982019173645813,17.381601242572486,108.24360838173493,249.80388056185882,1.9715560786621549,9.0,1.2829091636762566,3.0,frontier,d=3;probe=True
200/200/150/150/100/100/50/50,0.75,30.0,3.0,0.05,16,False,1.0,0.0,0.5,0,0.2,12.0,gray,p2c_learned,3,20225,21.995448183752497,15.938326850712059,103.83371666481281,210.50200241743661,1.6701606922126082,8.0,1.1981116349591774,3.0,frontier,d=3;probe=True
200/200/150/150/100/100/50/50,0.75,30.0,3.0,0.05,16,False,1.0,0.0,0.5,0,0.2,12.0,gray,p2c_learned,4,20322,23.646600996195577,17.062854832326835,117.98890422050182,216.09638655555082,1.8530656431453596,9.0,1.25891430501327,3.0,frontier,d=3;probe=True
200/200/150/150/100/100/50/50,0.75,30.0,3.0,0.05,16,False,1.0,0.0,0.5,0,0.2,12.0,gray,p2c_learned,5,20399,24.519903470575724,18.0702819461942,117.05172642609871,218.77774859033963,2.0035295847835677,8.0,1.2585890129245658,3.0,frontier,d=3;probe=True
200/200/150/150/100/100/50/50,0.75,30.0,3.0,0.05,16,False,1.0,0.0,0.5,0,0.2,12.0,gray,p2c_learned,6,20378,22.971482305656522,16.9447058304506,111.31874031475148,212.3628990149334,1.8045441162037492,8.0,1.161625561279983,3.0,frontier,d=3;probe=True
200/200/150/150/100/100/50/50,0.75,30.0,3.0,0.05,16,False,1.0,0.0,0.5,0,0.2,12.0,gray,p2c_learned,7,20142,21.6222741916439,15.51153359021451,113.12020494601242,228.67722494278357,1.5666765961672129,7.0,1.281584916845415,3.0,frontier,d=3;probe=True
200/200/150/150/100/100/50/50,0.75,30.0,3.0,0.05,16,False,1.0,0.0,0.5,0,0.2,12.0,gray,p2c_learned,8,20380,22.08637136492666,16.22442350737474,104.80353501683656,189.16880346199432,1.7150147203140333,8.0,1.2009325707738667,3.0,frontier,d=3;probe=True
200/200/150/150/100/100/50/50,0.75,30.0,3.0,0.05,16,False,1.0,0.0,0.5,0,0.2,12.0,gray,p2c_learned,9,20356,24.166135697748665,17.392073241424555,117.29842156585933,198.77001004710337,1.9325505993318923,10.0,1.2439862708618994,3.0,frontier,d=3;probe=True
200/200/150/150/100/100/50/50,0.75,30.0,3.0,0.05,16,False,1.0,0.0,0.5,0,0.2,12.0,gray,p2c_learned,0,20488,21.644227499478934,16.185417832872417,99.69341293842213,206.6503036810082,1.6573604060913705,7.0,1.2843014152339958,4.0,frontier,d=4;probe=True
200/200/150/150/100/100/50/50,0.75,30.0,3.0,0.05,16,False,1.0,0.0,0.5,0,0.2,12.0,gray,p2c_learned,1,20301,22.14088117347212,16.329852687579915,101.3258342672323,208.89609479374494,1.7653317570563027,8.0,1.3513284132059091,4.0,frontier,d=4;probe=True
200/200/150/150/100/100/50/50,0.75,30.0,3.0,0.05,16,False,1.0,0.0,0.5,0,0.2,12.0,gray,p2c_learned,2,20391,21.804871544203145,15.790363668351404,100.62989564027548,212.66539423751422,1.7305674071894463,9.0,1.3533326992758805,4.0,frontier,d=4;probe=True
200/200/150/150/100/100/50/50,0.75,30.0,3.0,0.05,16,False,1.0,0.0,0.5,0,0.2,12.0,gray,p2c_learned,3,20225,20.520400328640026,14.857495037155388,102.46180426724783,206.50380906718652,1.5261310259579728,7.0,1.3578075470263824,4.0,frontier,d=4;probe=True
200/200/150/150/100/100/50/50,0.75,30.0,3.0,0.05,16,False,1.0,0.0,0.5,0,0.2,12.0,gray,p2c_learned,4,20322,23.377993715934654,16.72569644705746,109.79685575975431,217.66259470404665,1.8831807892923924,9.0,1.3436282187743347,4.0,frontier,d=4;probe=True
200/200/150/150/100/100/50/50,0.75,30.0,3.0,0.05,16,False,1.0,0.0,0.5,0,0.2,12.0,gray,p2c_learned,5,20399,22.277456496891475,16.55993569005787,105.44079072347809,212.35960531987263,1.7592529045541447,8.0,1.3175221342454666,4.0,frontier,d=4;probe=True
200/200/150/150/100/100/50/50,0.75,30.0,3.0,0.05,16,False,1.0,0.0,0.5,0,0.2,12.0,gray,p2c_learned,6,20378,21.493562455123524,15.805247299828906,99.23054765199188,179.94660234493566,1.6702326037883992,8.0,1.291421319273295,4.0,frontier,d=4;probe=True
200/200/150/150/100/100/50/50,0.75,30.0,3.0,0.05,16,False,1.0,0.0,0.5,0,0.2,12.0,gray,p2c_learned,7,20142,19.955496365774447,14.628382240423399,93.5107578823708,169.93946483611822,1.4722470459735875,7.0,1.3102084987440497,4.0,frontier,d=4;probe=True
200/200/150/150/100/100/50/50,0.75,30.0,3.0,0.05,16,False,1.0,0.0,0.5,0,0.2,12.0,gray,p2c_learned,8,20380,20.79626617473971,15.379121932009188,96.36089455424104,211.64513467057327,1.6230127576054956,8.0,1.3205962609421034,4.0,frontier,d=4;probe=True
200/200/150/150/100/100/50/50,0.75,30.0,3.0,0.05,16,False,1.0,0.0,0.5,0,0.2,12.0,gray,p2c_learned,9,20356,23.200895972576742,16.394005688261437,109.78616128107431,209.141058023945,1.8836706622126154,10.0,1.3793637395629346,4.0,frontier,d=4;probe=True
200/200/150/150/100/100/50/50,0.75,30.0,3.0,0.05,16,False,1.0,0.0,0.5,0,0.2,12.0,gray,p2c_learned+lc,0,20488,41.41834617068887,28.042896202008727,212.82225160052977,518.4522114612622,3.5398770011714173,13.0,2.0438155669601064,0.0,frontier,
200/200/150/150/100/100/50/50,0.75,30.0,3.0,0.05,16,False,1.0,0.0,0.5,0,0.2,12.0,gray,p2c_learned+lc,1,20301,41.50489068065027,27.81793150392886,233.2169346296773,392.0920283590362,3.6170139401999903,13.0,2.059244925124474,0.0,frontier,
200/200/150/150/100/100/50/50,0.75,30.0,3.0,0.05,16,False,1.0,0.0,0.5,0,0.2,12.0,gray,p2c_learned+lc,2,20391,39.489913841551314,26.72497888012515,205.95331102339645,383.9463996237198,3.4049825903584914,13.0,1.9974077642762689,0.0,frontier,
200/200/150/150/100/100/50/50,0.75,30.0,3.0,0.05,16,False,1.0,0.0,0.5,0,0.2,12.0,gray,p2c_learned+lc,3,20225,38.79315452525969,26.410083793189543,210.04563290467556,358.97565331936045,3.3325587144622992,13.0,2.0245470892651016,0.0,frontier,
200/200/150/150/100/100/50/50,0.75,30.0,3.0,0.05,16,False,1.0,0.0,0.5,0,0.2,12.0,gray,p2c_learned+lc,4,20322,41.69026081000059,29.28507454048468,221.72308049358222,419.8628735410664,3.7028343666961914,14.0,2.049708055564192,0.0,frontier,
200/200/150/150/100/100/50/50,0.75,30.0,3.0,0.05,16,False,1.0,0.0,0.5,0,0.2,12.0,gray,p2c_learned+lc,5,20399,44.68331038902124,29.048914876268483,244.2872516789586,528.6742248721388,3.8656306681700086,15.0,2.0003679132768637,0.0,frontier,
200/200/150/150/100/100/50/50,0.75,30.0,3.0,0.05,16,False,1.0,0.0,0.5,0,0.2,12.0,gray,p2c_learned+lc,6,20378,41.42678315078791,26.326872539248924,239.35615153014578,503.99639936729056,3.5026499165767,14.0,2.0141826261444,0.0,frontier,
200/200/150/150/100/100/50/50,0.75,30.0,3.0,0.05,16,False,1.0,0.0,0.5,0,0.2,12.0,gray,p2c_learned+lc,7,20142,36.975127662324304,24.956390112257587,210.15227892479896,302.72370715716374,3.190298877966438,12.0,1.9837575883466279,0.0,frontier,
200/200/150/150/100/100/50/50,0.75,30.0,3.0,0.05,16,False,1.0,0.0,0.5,0,0.2,12.0,gray,p2c_learned+lc,8,20380,39.49727929947918,26.743945920116197,211.89805740531256,354.145237650292,3.44946025515211,14.0,2.0210330437514745,0.0,frontier,
200/200/150/150/100/100/50/50,0.75,30.0,3.0,0.05,16,False,1.0,0.0,0.5,0,0.2,12.0,gray,p2c_learned+lc,9,20356,42.18057137848623,28.07844755776534,225.9664150700985,383.36746683084317,3.6599528394576537,15.0,2.0995278787138227,0.0,frontier,
200/200/150/150/100/100/50/50,0.75,30.0,3.0,0.05,16,False,1.0,0.0,0.5,0,0.2,12.0,gray,prequal,0,20488,284.5281101079555,60.06088226730388,1971.1671245237897,2410.852289023968,20.752196407653262,114.0,1.9791868693553893,0.50471075107863,frontier,r_probe=0.5;reuse_budget=3
200/200/150/150/100/100/50/50,0.75,30.0,3.0,0.05,16,False,1.0,0.0,0.5,0,0.2,12.0,gray,prequal,1,20301,266.17920549424855,60.50150962468237,1664.9454796156072,2164.763574776704,19.908329638934042,87.0,1.972078172279323,0.5013724101292721,frontier,r_probe=0.5;reuse_budget=3
200/200/150/150/100/100/50/50,0.75,30.0,3.0,0.05,16,False,1.0,0.0,0.5,0,0.2,12.0,gray,prequal,2,20391,286.18724022622183,52.694435712611565,2075.014741513525,2424.2394415982158,19.29243293609926,100.0,1.8591845820197415,0.49663010440068717,frontier,r_probe=0.5;reuse_budget=3
200/200/150/150/100/100/50/50,0.75,30.0,3.0,0.05,16,False,1.0,0.0,0.5,0,0.2,12.0,gray,prequal,3,20225,422.97004973629635,51.81662127510478,2352.6671251771963,2571.9356621518896,30.12459826946848,143.0,2.000992836857886,0.49717363243868784,frontier,r_probe=0.5;reuse_budget=3
200/200/150/150/100/100/50/50,0.75,30.0,3.0,0.05,16,False,1.0,0.0,0.5,0,0.2,12.0,gray,prequal,4,20322,326.35514554563696,55.2848893468294,2113.915994408784,2396.1079347933355,23.123216218876095,118.0,1.8975597047374828,0.5041384499623778,frontier,r_probe=0.5;reuse_budget=3
200/200/150/150/100/100/50/50,0.75,30.0,3.0,0.05,16,False,1.0,0.0,0.5,0,0.2,12.0,gray,prequal,5,20399,380.74085093033426,64.96510898132613,2294.7732031227415,2928.6407440325684,28.05456149811265,158.0,2.0977073813914062,0.5018503832936823,frontier,r_probe=0.5;reuse_budget=3
200/200/150/150/100/100/50/50,0.75,30.0,3.0,0.05,16,False,1.0,0.0,0.5,0,0.2,12.0,gray,prequal,6,20378,370.8954929545612,54.176365387269776,2536.2697545172987,2851.0581850127896,26.59412111100206,144.0,1.9849480770751855,0.5035955353597741,frontier,r_probe=0.5;reuse_budget=3
200/200/150/150/100/100/50/50,0.75,30.0,3.0,0.05,16,False,1.0,0.0,0.5,0,0.2,12.0,gray,prequal,7,20142,213.74250093055747,46.746993363196765,1268.1832380568915,1625.4184435555258,16.054314367987292,105.0,2.012734808208932,0.5050017863522687,frontier,r_probe=0.5;reuse_budget=3
200/200/150/150/100/100/50/50,0.75,30.0,3.0,0.05,16,False,1.0,0.0,0.5,0,0.2,12.0,gray,prequal,8,20380,326.3554913110999,55.721035016011555,2054.9013915171995,2318.762902597717,24.82448478900883,141.0,2.04840499154677,0.5028970763855102,frontier,r_probe=0.5;reuse_budget=3
200/200/150/150/100/100/50/50,0.75,30.0,3.0,0.05,16,False,1.0,0.0,0.5,0,0.2,12.0,gray,prequal,9,20356,303.3340330817212,56.98910289640935,1986.355867032969,2402.2958186709593,22.002849282766753,133.0,1.9701973817458853,0.5025027685492802,frontier,r_probe=0.5;reuse_budget=3
200/200/150/150/100/100/50/50,0.75,30.0,3.0,0.05,16,False,1.0,0.0,0.5,0,0.2,12.0,gray,prequal,0,20488,48.231270629365675,32.45095603885417,243.5968623899293,430.95500705796337,4.179617336977743,15.130000000001019,2.131300669443374,1.0,frontier,r_probe=1.0;reuse_budget=2
200/200/150/150/100/100/50/50,0.75,30.0,3.0,0.05,16,False,1.0,0.0,0.5,0,0.2,12.0,gray,prequal,1,20301,43.445178580763944,28.762701200054863,230.40424316080177,375.5490549739905,3.6416925274617014,14.0,2.03013828025109,1.0,frontier,r_probe=1.0;reuse_budget=2
200/200/150/150/100/100/50/50,0.75,30.0,3.0,0.05,16,False,1.0,0.0,0.5,0,0.2,12.0,gray,prequal,2,20391,43.11993379746995,28.679262603759526,214.26020042933467,306.1652227035915,3.698347310087784,14.0,1.9711832751441194,1.0,frontier,r_probe=1.0;reuse_budget=2
200/200/150/150/100/100/50/50,0.75,30.0,3.0,0.05,16,False,1.0,0.0,0.5,0,0.2,12.0,gray,prequal,3,20225,43.57084712932364,28.246007587025446,225.33701431804732,351.12472981252375,3.736266996291718,15.0,2.0468101577419873,1.0,frontier,r_probe=1.0;reuse_budget=2
200/200/150/150/100/100/50/50,0.75,30.0,3.0,0.05,16,False,1.0,0.0,0.5,0,0.2,12.0,gray,prequal,4,20322,45.899698932126384,30.59460243032719,229.85507594920648,362.99930224760027,3.9860742052947544,16.0,2.0468370046076885,1.0,frontier,r_probe=1.0;reuse_budget=2
200/200/150/150/100/100/50/50,0.75,30.0,3.0,0.05,16,False,1.0,0.0,0.5,0,0.2,12.0,gray,prequal,5,20399,46.25161353929864,30.43502077415461,230.23972738468055,316.58891840995864,3.996960635325261,15.0,2.0885127670090147,1.0,frontier,r_probe=1.0;reuse_budget=2
200/200/150/150/100/100/50/50,0.75,30.0,3.0,0.05,16,False,1.0,0.0,0.5,0,0.2,12.0,gray,prequal,6,20378,42.527072574177296,28.917535015281715,209.37003477201452,320.2757847154587,3.6773481205221317,13.0,1.984668649228261,1.0,frontier,r_probe=1.0;reuse_budget=2
200/200/150/150/100/100/50/50,0.75,30.0,3.0,0.05,16,False,1.0,0.0,0.5,0,0.2,12.0,gray,prequal,7,20142,43.66083371145772,28.079796246649913,232.4408633430715,401.0570700152274,3.6251613543838745,13.0,2.020515443471112,1.0,frontier,r_probe=1.0;reuse_budget=2
200/200/150/150/100/100/50/50,0.75,30.0,3.0,0.05,16,False,1.0,0.0,0.5,0,0.2,12.0,gray,prequal,8,20380,41.48338031151875,28.430213244857505,212.9593658081465,352.71323194638467,3.5703140333660452,13.0,2.016314366775463,1.0,frontier,r_probe=1.0;reuse_budget=2
200/200/150/150/100/100/50/50,0.75,30.0,3.0,0.05,16,False,1.0,0.0,0.5,0,0.2,12.0,gray,prequal,9,20356,47.05413758019328,31.927583273439588,236.1420623634637,334.33003746440215,4.172086853998821,17.0,1.9809189122099802,1.0,frontier,r_probe=1.0;reuse_budget=2
200/200/150/150/100/100/50/50,0.75,30.0,3.0,0.05,16,False,1.0,0.0,0.5,0,0.2,12.0,gray,prequal,0,20488,35.5330171699295,25.593578692099328,171.32641945413806,251.60152557414,3.0033678250683327,10.0,1.7277197952022574,2.0,frontier,r_probe=2.0;reuse_budget=1
200/200/150/150/100/100/50/50,0.75,30.0,3.0,0.05,16,False,1.0,0.0,0.5,0,0.2,12.0,gray,prequal,1,20301,34.74191461519377,24.00086012493219,166.7916707084416,281.1515796845392,2.963696369636964,11.0,1.8102630321218736,2.0,frontier,r_probe=2.0;reuse_budget=1
200/200/150/150/100/100/50/50,0.75,30.0,3.0,0.05,16,False,1.0,0.0,0.5,0,0.2,12.0,gray,prequal,2,20391,34.024378495065775,23.877988962585306,170.95960295346958,269.8979653262179,2.8927958413025356,12.0,1.7394227127832527,2.0,frontier,r_probe=2.0;reuse_budget=1
200/200/150/150/100/100/50/50,0.75,30.0,3.0,0.05,16,False,1.0,0.0,0.5,0,0.2,12.0,gray,prequal,3,20225,33.08319102190731,22.792937371738375,157.89332805657446,259.76031354850636,2.78229913473424,10.0,1.7320930002076813,2.0,frontier,r_probe=2.0;reuse_budget=1
200/200/150/150/100/100/50/50,0.75,30.0,3.0,0.05,16,False,1.0,0.0,0.5,0,0.2,12.0,gray,prequal,4,20322,35.214324537156,24.054110023234543,167.1542266452966,256.90244726258845,2.994636354689499,12.0,1.8036740226857724,2.0,frontier,r_probe=2.0;reuse_budget=1
200/200/150/150/100/100/50/50,0.75,30.0,3.0,0.05,16,False,1.0,0.0,0.5,0,0.2,12.0,gray,prequal,5,20399,35.32335854469379,25.190977483093846,169.6167557401605,291.3289092136996,3.0374528163145254,11.0,1.737565684759867,2.0,frontier,r_probe=2.0;reuse_budget=1
200/200/150/150/100/100/50/50,0.75,30.0,3.0,0.05,16,False,1.0,0.0,0.5,0,0.2,12.0,gray,prequal,6,20378,34.58682022385546,24.481650842778535,167.72497326832521,264.2807277595847,2.9732063990578075,11.0,1.7674010169890582,2.0,frontier,r_probe=2.0;reuse_budget=1
200/200/150/150/100/100/50/50,0.75,30.0,3.0,0.05,16,False,1.0,0.0,0.5,0,0.2,12.0,gray,prequal,7,20142,32.19998722208912,22.50290684321854,152.35085671570317,226.86732943429703,2.7091152815013406,10.0,1.7700003816006336,2.0,frontier,r_probe=2.0;reuse_budget=1
200/200/150/150/100/100/50/50,0.75,30.0,3.0,0.05,16,False,1.0,0.0,0.5,0,0.2,12.0,gray,prequal,8,20380,32.958071028128934,23.62686613914544,148.563391186308,227.95137905383297,2.807507360157017,11.0,1.7045307856634704,2.0,frontier,r_probe=2.0;reuse_budget=1
200/200/150/150/100/100/50/50,0.75,30.0,3.0,0.05,16,False,1.0,0.0,0.5,0,0.2,12.0,gray,prequal,9,20356,35.497760538506924,25.109219977183628,165.53191260220666,267.42209823955517,3.044163882884653,13.0,1.6607096121223992,2.0,frontier,r_probe=2.0;reuse_budget=1
200/200/150/150/100/100/50/50,0.75,30.0,3.0,0.05,16,False,1.0,0.0,0.5,0,0.2,12.0,gray,prequal,0,20488,31.789567922463736,23.89603559160136,149.8574474052803,235.07023969354205,2.8731452557594688,11.0,2.209634070879938,3.0,frontier,r_probe=3.0;reuse_budget=1
200/200/150/150/100/100/50/50,0.75,30.0,3.0,0.05,16,False,1.0,0.0,0.5,0,0.2,12.0,gray,prequal,1,20301,31.52172290900676,23.133189778821617,140.40382765460535,217.2219719448492,2.8971479237475988,11.0,2.209925307503808,3.0,frontier,r_probe=3.0;reuse_budget=1
200/200/150/150/100/100/50/50,0.75,30.0,3.0,0.05,16,False,1.0,0.0,0.5,0,0.2,12.0,gray,prequal,2,20391,30.72010848576965,22.73478207855817,144.86677195028776,241.82995390485317,2.8028051591388357,11.0,2.1667661716979256,3.0,frontier,r_probe=3.0;reuse_budget=1
200/200/150/150/100/100/50/50,0.75,30.0,3.0,0.05,16,False,1.0,0.0,0.5,0,0.2,12.0,gray,prequal,3,20225,30.720143533329306,22.281855150840357,142.3288427011999,272.96751332532665,2.746600741656366,10.0,2.3353399891525455,3.0,frontier,r_probe=3.0;reuse_budget=1
200/200/150/150/100/100/50/50,0.75,30.0,3.0,0.05,16,False,1.0,0.0,0.5,0,0.2,12.0,gray,prequal,4,20322,32.837228692409326,24.15134970628774,154.65512179691706,259.42938426076853,3.044483810648558,11.0,2.165612586107081,3.0,frontier,r_probe=3.0;reuse_budget=1
200/200/150/150/100/100/50/50,0.75,30.0,3.0,0.05,16,False,1.0,0.0,0.5,0,0.2,12.0,gray,prequal,5,20399,32.52324383203089,23.876463130243053,157.0293085401243,250.83191550462743,2.9721064758076374,11.0,2.1757768159616333,3.0,frontier,r_probe=3.0;reuse_budget=1
200/200/150/150/100/100/50/50,0.75,30.0,3.0,0.05,16,False,1.0,0.0,0.5,0,0.2,12.0,gray,prequal,6,20378,31.12993001336034,23.64614221599659,138.38700276213928,238.2125110892265,2.887476690548631,10.0,2.154772729784332,3.0,frontier,r_probe=3.0;reuse_budget=1
200/200/150/150/100/100/50/50,0.75,30.0,3.0,0.05,16,False,1.0,0.0,0.5,0,0.2,12.0,gray,prequal,7,20142,29.657355734142023,21.629510809120234,136.5707473943939,235.15320811861957,2.6553966835468175,10.0,2.172551822730272,3.0,frontier,r_probe=3.0;reuse_budget=1
200/200/150/150/100/100/50/50,0.75,30.0,3.0,0.05,16,False,1.0,0.0,0.5,0,0.2,12.0,gray,prequal,8,20380,30.502241101965218,22.60566576172618,137.96611266685446,215.92747121943142,2.7809126594700686,10.0,2.261510464633612,3.0,frontier,r_probe=3.0;reuse_budget=1
200/200/150/150/100/100/50/50,0.75,30.0,3.0,0.05,16,False,1.0,0.0,0.5,0,0.2,12.0,gray,prequal,9,20356,32.760656376964995,23.85481285659985,151.80097374398494,250.4685503161257,2.99926311652584,12.0,2.2172773510230193,3.0,frontier,r_probe=3.0;reuse_budget=1
200/200/150/150/100/100/50/50,0.75,30.0,3.0,0.05,16,False,1.0,0.0,0.5,0,0.2,12.0,gray,prequal,0,20488,32.68746110442175,24.854316009897737,142.66655371434285,219.02012392368474,3.138666536509176,11.0,2.5946464072652184,5.0,frontier,r_probe=5.0;reuse_budget=1
200/200/150/150/100/100/50/50,0.75,30.0,3.0,0.05,16,False,1.0,0.0,0.5,0,0.2,12.0,gray,prequal,1,20301,32.95522882253197,24.25578016701735,148.2897184751657,252.34401246035176,3.1704842126003645,12.0,2.6672811734066935,5.0,frontier,r_probe=5.0;reuse_budget=1
200/200/150/150/100/100/50/50,0.75,30.0,3.0,0.05,16,False,1.0,0.0,0.5,0,0.2,12.0,gray,prequal,2,20391,31.72945712026565,22.805515643185004,143.27476889705076,264.4533082967622,3.06390074052278,12.0,2.763093653933807,5.0,frontier,r_probe=5.0;reuse_budget=1
200/200/150/150/100/100/50/50,0.75,30.0,3.0,0.05,16,False,1.0,0.0,0.5,0,0.2,12.0,gray,prequal,3,20225,31.048588742518444,22.894297090939375,139.64272203622957,219.5272820625332,2.9421013597033374,11.0,2.704890228463146,5.0,frontier,r_probe=5.0;reuse_budget=1
200/200/150/150/100/100/50/50,0.75,30.0,3.0,0.05,16,False,1.0,0.0,0.5,0,0.2,12.0,gray,prequal,4,20322,33.68588115158829,25.087898297456945,155.2612187993776,237.33737884030697,3.2106091920086604,12.0,2.6584979371109556,5.0,frontier,r_probe=5.0;reuse_budget=1
200/200/150/150/100/100/50/50,0.75,30.0,3.0,0.05,16,False,1.0,0.0,0.5,0,0.2,12.0,gray,prequal,5,20399,32.89023332804983,25.239476737771938,138.29911177037656,223.79342149823952,3.2109417128290603,11.0,2.746430287281595,5.0,frontier,r_probe=5.0;reuse_budget=1
200/200/150/150/100/100/50/50,0.75,30.0,3.0,0.05,16,False,1.0,0.0,0.5,0,0.2,12.0,gray,prequal,6,20378,31.89789436288656,23.848451898235368,148.00937815954512,238.16568540269944,3.0463735400922562,11.0,2.723892298294051,5.0,frontier,r_probe=5.0;reuse_budget=1
200/200/150/150/100/100/50/50,0.75,30.0,3.0,0.05,16,False,1.0,0.0,0.5,0,0.2,12.0,gray,prequal,7,20142,29.6562295440967,22.23820178902791,131.05953314464762,195.51938232664628,2.793863568662496,10.0,2.595867475414224,5.0,frontier,r_probe=5.0;reuse_budget=1
200/200/150/150/100/100/50/50,0.75,30.0,3.0,0.05,16,False,1.0,0.0,0.5,0,0.2,12.0,gray,prequal,8,20380,31.28940299925526,23.958344906623186,147.35632726538768,241.09420986166637,3.062217860647694,11.0,2.694298879609894,5.0,frontier,r_probe=5.0;reuse_budget=1
200/200/150/150/100/100/50/50,0.75,30.0,3.0,0.05,16,False,1.0,0.0,0.5,0,0.2,12.0,gray,prequal,9,20356,33.86910522709507,25.252761665558232,155.79553663522398,254.67281468531726,3.3014835920613086,13.0,2.7102653442553972,5.0,frontier,r_probe=5.0;reuse_budget=1
200/200/150/150/100/100/50/50,0.75,30.0,3.0,0.05,16,False,1.0,0.0,0.5,0,0.2,12.0,gray,probe_d,0,20488,44.53470988500542,25.026967974271397,277.2150883183238,411.80971915659813,2.9434791097227646,11.0,1.1107919745502226,2.0,frontier,d=2
200/200/150/150/100/100/50/50,0.75,30.0,3.0,0.05,16,False,1.0,0.0,0.5,0,0.2,12.0,gray,probe_d,1,20301,44.17824865513311,23.102431479767205,289.1056101382148,429.55653079763454,2.8745874587458746,11.0,1.1229906179135776,2.0,frontier,d=2
200/200/150/150/100/100/50/50,0.75,30.0,3.0,0.05,16,False,1.0,0.0,0.5,0,0.2,12.0,gray,probe_d,2,20391,42.28569248801643,22.716131192392908,270.09767395367606,406.3485353444812,2.7503310283948803,10.0,1.1555207699640728,2.0,frontier,d=2
200/200/150/150/100/100/50/50,0.75,30.0,3.0,0.05,16,False,1.0,0.0,0.5,0,0.2,12.0,gray,probe_d,3,20225,39.382255159264666,22.154169294573478,229.7165465380877,325.654402995009,2.5498640296662547,9.0,1.1154016224870875,2.0,frontier,d=2
200/200/150/150/100/100/50/50,0.75,30.0,3.0,0.05,16,False,1.0,0.0,0.5,0,0.2,12.0,gray,probe_d,4,20322,43.529877793665825,23.959647000548756,268.2173833944851,395.61135969704435,2.8751599252042124,10.0,1.0987413148010248,2.0,frontier,d=2
200/200/150/150/100/100/50/50,0.75,30.0,3.0,0.05,16,False,1.0,0.0,0.5,0,0.2,12.0,gray,probe_d,5,20399,48.167001905521126,25.069044912097382,304.6247532936899,398.55120420714866,3.1991274082062846,12.0,1.1199653544805441,2.0,frontier,d=2
200/200/150/150/100/100/50/50,0.75,30.0,3.0,0.05,16,False,1.0,0.0,0.5,0,0.2,12.0,gray,probe_d,6,20378,44.249689051855995,22.736470822978916,277.34081948920453,434.0833991893276,2.878938070468152,11.0,1.1124224886929108,2.0,frontier,d=2
200/200/150/150/100/100/50/50,0.75,30.0,3.0,0.05,16,False,1.0,0.0,0.5,0,0.2,12.0,gray,probe_d,7,20142,38.048317177691054,21.264595278572607,226.71119696264915,339.68577334378614,2.4257273359150036,8.0,1.0981739802601338,2.0,frontier,d=2
200/200/150/150/100/100/50/50,0.75,30.0,3.0,0.05,16,False,1.0,0.0,0.5,0,0.2,12.0,gray,probe_d,8,20380,43.873920285943754,23.534667984796087,270.7042270046086,425.668075908023,2.9156526005888126,12.0,1.0943858952073353,2.0,frontier,d=2
200/200/150/150/100/100/50/50,0.75,30.0,3.0,0.05,16,False,1.0,0.0,0.5,0,0.2,12.0,gray,probe_d,9,20356,43.138956670200145,23.09047423520383,271.9784705716855,378.6828174120549,2.84353507565337,11.0,1.1149602921084476,2.0,frontier,d=2
200/200/150/150/100/100/50/50,0.75,30.0,3.0,0.05,16,False,1.0,0.0,0.5,0,0.2,12.0,gray,probe_d,0,20488,38.976948202939205,22.426124653017965,374.27298546004585,610.652245483413,2.758248730964467,14.0,1.2230875748608498,2.0,frontier,d=2;score=sed
200/200/150/150/100/100/50/50,0.75,30.0,3.0,0.05,16,False,1.0,0.0,0.5,0,0.2,12.0,gray,probe_d,1,20301,39.57341587527083,21.60084174670729,421.89621030827595,665.3953719938073,2.755972612186592,15.0,1.221393288223425,2.0,frontier,d=2;score=sed
200/200/150/150/100/100/50/50,0.75,30.0,3.0,0.05,16,False,1.0,0.0,0.5,0,0.2,12.0,gray,probe_d,2,20391,37.45870988753151,21.117960365922173,374.1180174887215,542.4649077163688,2.641704673630523,14.0,1.2040408403930938,2.0,frontier,d=2;score=sed
200/200/150/150/100/100/50/50,0.75,30.0,3.0,0.05,16,False,1.0,0.0,0.5,0,0.2,12.0,gray,probe_d,3,20225,35.327247731699096,20.319814691255544,332.9439285907067,450.7451530541633,2.4669962917181705,12.0,1.1944673020718688,2.0,frontier,d=2;score=sed
200/200/150/150/100/100/50/50,0.75,30.0,3.0,0.05,16,False,1.0,0.0,0.5,0,0.2,12.0,gray,probe_d,4,20322,38.267563232070486,21.900193352813346,381.55773126411293,569.5010790463667,2.7381163271331563,14.0,1.1922407492012916,2.0,frontier,d=2;score=sed
200/200/150/150/100/100/50/50,0.75,30.0,3.0,0.05,16,False,1.0,0.0,0.5,0,0.2,12.0,gray,probe_d,5,20399,41.628581929785476,23.079086824635553,475.5314063547986,699.2649317629138,2.9224962007941566,15.0,1.2259352179109455,2.0,frontier,d=2;score=sed
200/200/150/150/100/100/50/50,0.75,30.0,3.0,0.05,16,False,1.0,0.0,0.5,0,0.2,12.0,gray,probe_d,6,20378,38.501523996392066,20.87731271554283,390.554659497523,581.7061723839754,2.6989400333693196,14.0,1.1820577122161242,2.0,frontier,d=2;score=sed
200/200/150/150/100/100/50/50,0.75,30.0,3.0,0.05,16,False,1.0,0.0,0.5,0,0.2,12.0,gray,probe_d,7,20142,34.87594908765503,19.846214733032497,328.5419530026132,469.98094509789706,2.423741435805779,12.0,1.2148583841825875,2.0,frontier,d=2;score=sed
200/200/150/150/100/100/50/50,0.75,30.0,3.0,0.05,16,False,1.0,0.0,0.5,0,0.2,12.0,gray,probe_d,8,20380,38.43685351122952,21.317844529188612,393.18689700530996,753.0698972718408,2.7006378802747792,14.0,1.19136416816293,2.0,frontier,d=2;score=sed
200/200/150/150/100/100/50/50,0.75,30.0,3.0,0.05,16,False,1.0,0.0,0.5,0,0.2,12.0,gray,probe_d,9,20356,38.83317237637815,21.774439102135943,392.8662366495658,618.6523046642546,2.769453723717823,14.0,1.2278118115439525,2.0,frontier,d=2;score=sed
200/200/150/150/100/100/50/50,0.75,30.0,3.0,0.05,16,False,1.0,0.0,0.5,0,0.2,12.0,gray,probe_d,0,20488,27.71880920027187,17.249316380767432,171.70890881023013,252.50626530508313,1.5992288168684108,5.0,1.1179671629140948,3.0,frontier,d=3
200/200/150/150/100/100/50/50,0.75,30.0,3.0,0.05,16,False,1.0,0.0,0.5,0,0.2,12.0,gray,probe_d,1,20301,27.553106050882928,16.354819172860857,168.40426967214484,274.8314687401591,1.5999704448056746,6.0,1.1273355368987028,3.0,frontier,d=3
200/200/150/150/100/100/50/50,0.75,30.0,3.0,0.05,16,False,1.0,0.0,0.5,0,0.2,12.0,gray,probe_d,2,20391,27.15281122599168,15.824599919078253,175.0124250256267,264.05582758192475,1.5704967877985385,7.0,1.1622252710147065,3.0,frontier,d=3
200/200/150/150/100/100/50/50,0.75,30.0,3.0,0.05,16,False,1.0,0.0,0.5,0,0.2,12.0,gray,probe_d,3,20225,25.96282513680024,15.723580815411253,159.56640261602183,242.63273061358876,1.4579480840543881,6.0,1.1297689043850443,3.0,frontier,d=3
200/200/150/150/100/100/50/50,0.75,30.0,3.0,0.05,16,False,1.0,0.0,0.5,0,0.2,12.0,gray,probe_d,4,20322,27.642224874625533,16.301917054290627,171.26701122129015,294.7064887772122,1.6074205294754453,6.0,1.1220330166514585,3.0,frontier,d=3
200/200/150/150/100/100/50/50,0.75,30.0,3.0,0.05,16,False,1.0,0.0,0.5,0,0.2,12.0,gray,probe_d,5,20399,28.489973573021558,17.232832073831972,172.54188992587822,270.22097193482045,1.6764547281729496,6.0,1.1373922765649254,3.0,frontier,d=3
200/200/150/150/100/100/50/50,0.75,30.0,3.0,0.05,16,False,1.0,0.0,0.5,0,0.2,12.0,gray,probe_d,6,20378,26.481634320704195,16.398931392800797,159.8185274446947,266.5996772082148,1.5227205810187456,5.0,1.0706750979748976,3.0,frontier,d=3
200/200/150/150/100/100/50/50,0.75,30.0,3.0,0.05,16,False,1.0,0.0,0.5,0,0.2,12.0,gray,probe_d,7,20142,25.303855199675453,14.968605705451665,156.69671205344778,242.22290765260246,1.3798530433919174,5.0,1.0783337995141982,3.0,frontier,d=3
200/200/150/150/100/100/50/50,0.75,30.0,3.0,0.05,16,False,1.0,0.0,0.5,0,0.2,12.0,gray,probe_d,8,20380,25.81082102430324,15.616004738278288,149.73501773625202,210.20256971556495,1.4686947988223749,6.0,1.0521539138337617,3.0,frontier,d=3
200/200/150/150/100/100/50/50,0.75,30.0,3.0,0.05,16,False,1.0,0.0,0.5,0,0.2,12.0,gray,probe_d,9,20356,28.244896818425026,16.782562667708056,173.36992837803254,278.37070652455685,1.6554332874828062,7.0,1.0825241359950002,3.0,frontier,d=3
200/200/150/150/100/100/50/50,0.75,30.0,3.0,0.05,16,False,1.0,0.0,0.5,0,0.2,12.0,gray,probe_d,0,20488,26.106528849051255,17.375067201032657,208.7145987188031,353.87676378218987,1.8710464662241313,8.0,1.2307840421414835,3.0,frontier,d=3;score=sed
200/200/150/150/100/100/50/50,0.75,30.0,3.0,0.05,16,False,1.0,0.0,0.5,0,0.2,12.0,gray,probe_d,1,20301,25.246271409056963,16.28324500928713,194.11051827465187,395.7025108169917,1.789813309689178,8.0,1.2510566403240724,3.0,frontier,d=3;score=sed
200/200/150/150/100/100/50/50,0.75,30.0,3.0,0.05,16,False,1.0,0.0,0.5,0,0.2,12.0,gray,probe_d,2,20391,25.29575761551208,15.976997579720376,206.29682050247698,340.9181459169669,1.8226668628316414,9.0,1.2495786166480713,3.0,frontier,d=3;score=sed
200/200/150/150/100/100/50/50,0.75,30.0,3.0,0.05,16,False,1.0,0.0,0.5,0,0.2,12.0,gray,probe_d,3,20225,24.362132506090038,15.42526956360657,204.82766164879646,342.9306896206849,1.6786650185414091,8.0,1.2191371535318791,3.0,frontier,d=3;score=sed
200/200/150/150/100/100/50/50,0.75,30.0,3.0,0.05,16,False,1.0,0.0,0.5,0,0.2,12.0,gray,probe_d,4,20322,25.89694178767082,16.49058205677223,218.9097887101776,414.6308822716887,1.8542466292687727,9.0,1.244573733313307,3.0,frontier,d=3;score=sed
200/200/150/150/100/100/50/50,0.75,30.0,3.0,0.05,16,False,1.0,0.0,0.5,0,0.2,12.0,gray,probe_d,5,20399,26.584012424666803,16.793932670559286,220.87959547324672,357.52347555593315,1.9055836070395609,9.0,1.2650657936996916,3.0,frontier,d=3;score=sed
200/200/150/150/100/100/50/50,0.75,30.0,3.0,0.05,16,False,1.0,0.0,0.5,0,0.2,12.0,gray,probe_d,6,20378,24.825693451859387,16.291978494678894,186.38173202764327,349.8411635761451,1.7719108842869762,8.0,1.1734639386392396,3.0,frontier,d=3;score=sed
200/200/150/150/100/100/50/50,0.75,30.0,3.0,0.05,16,False,1.0,0.0,0.5,0,0.2,12.0,gray,probe_d,7,20142,23.579110926024235,15.185027790166394,187.42095400749665,350.1158648072511,1.6166716314169398,7.0,1.2323082417646198,3.0,frontier,d=3;score=sed
200/200/150/150/100/100/50/50,0.75,30.0,3.0,0.05,16,False,1.0,0.0,0.5,0,0.2,12.0,gray,probe_d,8,20380,24.667042336338206,15.892980621080355,208.32616944302276,353.3618555241052,1.7414622178606476,8.0,1.2393164302427178,3.0,frontier,d=3;score=sed
200/200/150/150/100/100/50/50,0.75,30.0,3.0,0.05,16,False,1.0,0.0,0.5,0,0.2,12.0,gray,probe_d,9,20356,26.624599682192677,16.887436880145046,203.96336183463103,337.54695634131446,1.9443898604833956,10.0,1.2483611772912429,3.0,frontier,d=3;score=sed
200/200/150/150/100/100/50/50,0.75,30.0,3.0,0.05,16,False,1.0,0.0,0.5,0,0.2,12.0,gray,probe_d,0,20488,23.658409079003313,14.710892602018966,140.9964650000971,234.33674108132226,1.2536118703631394,5.0,1.1604972990571687,4.0,frontier,d=4
200/200/150/150/100/100/50/50,0.75,30.0,3.0,0.05,16,False,1.0,0.0,0.5,0,0.2,12.0,gray,probe_d,1,20301,23.859851813039555,14.51933904118441,144.9683849148613,224.04983200481018,1.2787054824885473,5.0,1.1332151033162308,4.0,frontier,d=4
200/200/150/150/100/100/50/50,0.75,30.0,3.0,0.05,16,False,1.0,0.0,0.5,0,0.2,12.0,gray,probe_d,2,20391,23.811262156278822,14.257396236947883,145.44433714697436,260.57686178813424,1.2685498504242068,6.0,1.1505432204068393,4.0,frontier,d=4
200/200/150/150/100/100/50/50,0.75,30.0,3.0,0.05,16,False,1.0,0.0,0.5,0,0.2,12.0,gray,probe_d,3,20225,22.69531472125303,13.844598929296126,138.24218646090463,219.6741241831862,1.1581705809641534,5.0,1.1697775466739935,4.0,frontier,d=4
200/200/150/150/100/100/50/50,0.75,30.0,3.0,0.05,16,False,1.0,0.0,0.5,0,0.2,12.0,gray,probe_d,4,20322,24.38046816067488,15.070793757212542,142.80842129188758,250.13760257863402,1.3259521700620018,6.0,1.118220448020395,4.0,frontier,d=4
200/200/150/150/100/100/50/50,0.75,30.0,3.0,0.05,16,False,1.0,0.0,0.5,0,0.2,12.0,gray,probe_d,5,20399,24.64629463643888,14.935647419726195,152.67877541056959,233.37592534331762,1.3352125104171773,5.0,1.1285048044960504,4.0,frontier,d=4
200/200/150/150/100/100/50/50,0.75,30.0,3.0,0.05,16,False,1.0,0.0,0.5,0,0.2,12.0,gray,probe_d,6,20378,23.253766656112397,14.298234663598919,142.32317522734044,246.8979792983972,1.2191579153989596,5.0,1.1369772587064193,4.0,frontier,d=4
200/200/150/150/100/100/50/50,0.75,30.0,3.0,0.05,16,False,1.0,0.0,0.5,0,0.2,12.0,gray,probe_d,7,20142,21.93495310895521,13.148584070492575,140.2016336252351,218.34889020744552,1.0882732598550293,4.0,1.1317721754780634,4.0,frontier,d=4
200/200/150/150/100/100/50/50,0.75,30.0,3.0,0.05,16,False,1.0,0.0,0.5,0,0.2,12.0,gray,probe_d,8,20380,23.13828900573773,14.054606011812965,132.77736979715627,221.53901382213837,1.2094700686947988,5.0,1.11454931482732,4.0,frontier,d=4
200/200/150/150/100/100/50/50,0.75,30.0,3.0,0.05,16,False,1.0,0.0,0.5,0,0.2,12.0,gray,probe_d,9,20356,24.99242566054169,14.85726735193893,153.51404391689547,286.87900389053857,1.3551287089801534,6.0,1.1428057890553203,4.0,frontier,d=4
200/200/150/150/100/100/50/50,0.75,30.0,3.0,0.05,16,False,1.0,0.0,0.5,0,0.2,12.0,gray,probe_d,0,20488,23.124468391955016,15.562698008928066,180.25382773506325,304.4039396881065,1.6199238578680204,7.0,1.3007572863749393,4.0,frontier,d=4;score=sed
200/200/150/150/100/100/50/50,0.75,30.0,3.0,0.05,16,False,1.0,0.0,0.5,0,0.2,12.0,gray,probe_d,1,20301,23.445002948278468,15.351279884033175,171.55785924843946,304.3351482372251,1.6521353627900104,8.0,1.3030715760368718,4.0,frontier,d=4;score=sed
200/200/150/150/100/100/50/50,0.75,30.0,3.0,0.05,16,False,1.0,0.0,0.5,0,0.2,12.0,gray,probe_d,2,20391,23.2038094171784,14.775614951226146,181.8902520057402,336.094815135635,1.6318964248933352,9.0,1.3659853708922463,4.0,frontier,d=4;score=sed
200/200/150/150/100/100/50/50,0.75,30.0,3.0,0.05,16,False,1.0,0.0,0.5,0,0.2,12.0,gray,probe_d,3,20225,22.1233555449564,14.439279830387619,180.4072394210699,341.1554102753342,1.4807416563658837,7.0,1.358470007171955,4.0,frontier,d=4;score=sed
200/200/150/150/100/100/50/50,0.75,30.0,3.0,0.05,16,False,1.0,0.0,0.5,0,0.2,12.0,gray,probe_d,4,20322,24.235589779691594,15.551388286841217,186.56152159024353,352.36358084109185,1.7206967818128136,9.0,1.2984612584861746,4.0,frontier,d=4;score=sed
200/200/150/150/100/100/50/50,0.75,30.0,3.0,0.05,16,False,1.0,0.0,0.5,0,0.2,12.0,gray,probe_d,5,20399,23.81949232453063,15.642191658415072,183.35437317759983,333.64456721384676,1.6814059512721211,8.0,1.3294875108027653,4.0,frontier,d=4;score=sed
200/200/150/150/100/100/50/50,0.75,30.0,3.0,0.05,16,False,1.0,0.0,0.5,0,0.2,12.0,gray,probe_d,6,20378,22.860227871166057,15.05554131261544,168.83354228970973,311.37664503397764,1.5948081264108351,8.0,1.3197521660903568,4.0,frontier,d=4;score=sed
200/200/150/150/100/100/50/50,0.75,30.0,3.0,0.05,16,False,1.0,0.0,0.5,0,0.2,12.0,gray,probe_d,7,20142,21.393276865990817,14.003584739938013,163.94157666499544,297.2905968868699,1.4199682255982524,7.0,1.297914350801089,4.0,frontier,d=4;score=sed
200/200/150/150/100/100/50/50,0.75,30.0,3.0,0.05,16,False,1.0,0.0,0.5,0,0.2,12.0,gray,probe_d,8,20380,22.1229641436121,14.579893703588809,168.17835517403478,341.1405505407522,1.5250245338567223,7.0,1.304911145668298,4.0,frontier,d=4;score=sed
200/200/150/150/100/100/50/50,0.75,30.0,3.0,0.05,16,False,1.0,0.0,0.5,0,0.2,12.0,gray,probe_d,9,20356,24.14328852085826,15.187131961596378,189.32408897995313,389.4035970728815,1.6845647474945962,9.0,1.3321225434602932,4.0,frontier,d=4;score=sed
200/200/150/150/100/100/50/50,0.75,30.0,3.0,0.05,16,False,1.0,0.0,0.5,0,0.2,12.0,gray,ts+lc,0,20488,46.17212633463002,35.27464310346895,204.8694383739157,478.84173411377816,5.116702459976572,20.0,7.189902874602794,0.0,frontier,
200/200/150/150/100/100/50/50,0.75,30.0,3.0,0.05,16,False,1.0,0.0,0.5,0,0.2,12.0,gray,ts+lc,1,20301,51.01372772213348,36.121557031464135,275.2596167241386,684.0578455689116,5.637554800256145,25.0,7.694832766063114,0.0,frontier,
200/200/150/150/100/100/50/50,0.75,30.0,3.0,0.05,16,False,1.0,0.0,0.5,0,0.2,12.0,gray,ts+lc,2,20391,49.626871380853444,34.34378587482456,296.3047779094885,911.2834668708668,5.471482516796626,23.0,7.368844569527529,0.0,frontier,
200/200/150/150/100/100/50/50,0.75,30.0,3.0,0.05,16,False,1.0,0.0,0.5,0,0.2,12.0,gray,ts+lc,3,20225,44.721266906852016,33.09305090377812,204.86100611232558,433.28623244688526,5.030951792336218,21.0,7.764711235250511,0.0,frontier,
200/200/150/150/100/100/50/50,0.75,30.0,3.0,0.05,16,False,1.0,0.0,0.5,0,0.2,12.0,gray,ts+lc,4,20322,49.69540933155049,37.64769953462954,222.3123587854016,468.1447033459637,5.655201259718532,22.0,8.093001207362251,0.0,frontier,
200/200/150/150/100/100/50/50,0.75,30.0,3.0,0.05,16,False,1.0,0.0,0.5,0,0.2,12.0,gray,ts+lc,5,20399,53.99931044903682,39.979775059132194,241.9933473136791,432.1592920989715,6.2715329182803075,25.0,8.487768707759614,0.0,frontier,
200/200/150/150/100/100/50/50,0.75,30.0,3.0,0.05,16,False,1.0,0.0,0.5,0,0.2,12.0,gray,ts+lc,6,20378,46.66947931466608,35.445358576009056,217.0553941819306,452.8400592841827,5.294582392776523,21.0,6.600727271991449,0.0,frontier,
200/200/150/150/100/100/50/50,0.75,30.0,3.0,0.05,16,False,1.0,0.0,0.5,0,0.2,12.0,gray,ts+lc,7,20142,41.40859647923141,31.219489495688535,174.3096302720411,338.5241294698286,4.570102273855625,18.0,6.456110205254392,0.0,frontier,
200/200/150/150/100/100/50/50,0.75,30.0,3.0,0.05,16,False,1.0,0.0,0.5,0,0.2,12.0,gray,ts+lc,8,20380,45.62756701570735,33.7745904120732,228.19668873055443,456.22664948475995,5.193572129538763,21.0,7.003668483575133,0.0,frontier,
200/200/150/150/100/100/50/50,0.75,30.0,3.0,0.05,16,False,1.0,0.0,0.5,0,0.2,12.0,gray,ts+lc,9,20356,50.49076709317048,36.53785005320209,264.51471968296613,450.8029474918931,5.59378070347809,23.0,7.6077301805818855,0.0,frontier,
200/200/150/150/100/100/50/50,0.9,30.0,3.0,0.05,16,False,1.0,0.0,0.5,,0.2,12.0,steady,p2c,0,24557,59.80495293297546,36.4838029484682,331.80533109987556,460.6975009993758,5.257686199454331,15.0,2.464635055608992,0.0,frontier,
200/200/150/150/100/100/50/50,0.9,30.0,3.0,0.05,16,False,1.0,0.0,0.5,,0.2,12.0,steady,p2c,1,24312,51.952908181988484,31.92120867587178,305.3971844530143,426.01410702960976,4.55186739058901,14.0,2.560011886799497,0.0,frontier,
200/200/150/150/100/100/50/50,0.9,30.0,3.0,0.05,16,False,1.0,0.0,0.5,,0.2,12.0,steady,p2c,2,24431,56.22699331561778,34.130116335292726,317.74487987570615,444.623915483875,4.9259956612500515,14.0,2.517737652863074,0.0,frontier,
200/200/150/150/100/100/50/50,0.9,30.0,3.0,0.05,16,False,1.0,0.0,0.5,,0.2,12.0,steady,p2c,3,24221,55.3948281960746,32.981542967110755,320.40602951925337,432.73799913080416,4.7522397919161055,14.0,2.446922529503673,0.0,frontier,
200/200/150/150/100/100/50/50,0.9,30.0,3.0,0.05,16,False,1.0,0.0,0.5,,0.2,12.0,steady,p2c,4,24358,56.783982707359534,35.08560322684584,324.8918981534977,426.32489969717835,4.950036948846375,14.0,2.399330211789499,0.0,frontier,
200/200/150/150/100/100/50/50,0.9,30.0,3.0,0.05,16,False,1.0,0.0,0.5,,0.2,12.0,steady,p2c,5,24518,57.03253594876685,34.36197133520125,313.65992941158345,433.43306750894976,5.035320988661391,15.0,2.566490168816611,0.0,frontier,
200/200/150/150/100/100/50/50,0.9,30.0,3.0,0.05,16,False,1.0,0.0,0.5,,0.2,12.0,steady,p2c,6,24384,54.14964432170905,32.79421720083242,294.1117183108574,402.3576528738129,4.711491141732283,14.0,2.557048305257035,0.0,frontier,
200/200/150/150/100/100/50/50,0.9,30.0,3.0,0.05,16,False,1.0,0.0,0.5,,0.2,12.0,steady,p2c,7,24123,51.130552883326295,30.373406309413653,298.76633763212067,411.81701925634746,4.399991709157236,14.0,2.481769856795268,0.0,frontier,
200/200/150/150/100/100/50/50,0.9,30.0,3.0,0.05,16,False,1.0,0.0,0.5,,0.2,12.0,steady,p2c,8,24435,53.318861110199734,32.701202522495976,305.58852013028087,402.46407767036214,4.670104358502148,14.0,2.536935322412532,0.0,frontier,
200/200/150/150/100/100/50/50,0.9,30.0,3.0,0.05,16,False,1.0,0.0,0.5,,0.2,12.0,steady,p2c,9,24387,59.34634472705749,36.26381030844783,335.81381417042456,486.02456020739555,5.171320785664493,16.0,2.4426757631464477,0.0,frontier,
200/200/150/150/100/100/50/50,0.9,30.0,3.0,0.05,16,False,1.0,0.0,0.5,,0.2,12.0,steady,p2c_learned,0,24557,41.77822394025,33.95653727206671,158.77911052026337,257.4594505637015,4.705134992059291,15.0,1.985223432279201,0.0,frontier,
200/200/150/150/100/100/50/50,0.9,30.0,3.0,0.05,16,False,1.0,0.0,0.5,,0.2,12.0,steady,p2c_learned,1,24312,37.043743773938616,29.555663020996548,139.00363329986152,240.3378698306592,4.214791049687397,14.0,1.9697178840517207,0.0,frontier,
200/200/150/150/100/100/50/50,0.9,30.0,3.0,0.05,16,False,1.0,0.0,0.5,,0.2,12.0,steady,p2c_learned,2,24431,39.52757029890775,31.287205898882675,151.46890339995977,237.26872485378686,4.4828701240227575,15.0,1.9039324739335424,0.0,frontier,
200/200/150/150/100/100/50/50,0.9,30.0,3.0,0.05,16,False,1.0,0.0,0.5,,0.2,12.0,steady,p2c_learned,3,24221,38.90705254446011,30.502137259770024,151.49361429029565,236.8535991970723,4.338549192849181,14.0,1.9380056346542602,0.0,frontier,
200/200/150/150/100/100/50/50,0.9,30.0,3.0,0.05,16,False,1.0,0.0,0.5,,0.2,12.0,steady,p2c_learned,4,24358,40.58478325521256,32.5643706749088,160.966369251105,255.03646133166743,4.457673043763855,14.0,2.033257757029606,0.0,frontier,
200/200/150/150/100/100/50/50,0.9,30.0,3.0,0.05,16,False,1.0,0.0,0.5,,0.2,12.0,steady,p2c_learned,5,24518,40.42008120998673,33.15033890010044,146.53955819752548,205.4385296062969,4.541642874622726,14.0,2.131799284997696,0.0,frontier,
200/200/150/150/100/100/50/50,0.9,30.0,3.0,0.05,16,False,1.0,0.0,0.5,,0.2,12.0,steady,p2c_learned,6,24384,38.94327045537176,32.073879827428264,146.18745264642556,229.86566980418593,4.355314960629921,14.0,2.029089916350289,0.0,frontier,
200/200/150/150/100/100/50/50,0.9,30.0,3.0,0.05,16,False,1.0,0.0,0.5,,0.2,12.0,steady,p2c_learned,7,24123,36.64804928131493,28.44474413405429,152.14893260509578,252.02975393530417,4.050366869792314,14.0,1.927899942150456,0.0,frontier,
200/200/150/150/100/100/50/50,0.9,30.0,3.0,0.05,16,False,1.0,0.0,0.5,,0.2,12.0,steady,p2c_learned,8,24435,37.204594384969596,29.723542745994536,141.9166536852074,214.8309581146975,4.167055453243298,15.0,2.011106624745657,0.0,frontier,
200/200/150/150/100/100/50/50,0.9,30.0,3.0,0.05,16,False,1.0,0.0,0.5,,0.2,12.0,steady,p2c_learned,9,24387,40.4484038400821,32.10552838985592,154.85105201005322,257.4814780331028,4.525689916758929,17.0,2.1028183072339908,0.0,frontier,
200/200/150/150/100/100/50/50,0.9,30.0,3.0,0.05,16,False,1.0,0.0,0.5,,0.2,12.0,steady,p2c_learned,0,24557,30.856080955629423,24.991559888338344,114.91128709174166,168.86466510017001,3.1133281752657083,11.0,0.8479709571023736,2.0,frontier,d=2;probe=True
200/200/150/150/100/100/50/50,0.9,30.0,3.0,0.05,16,False,1.0,0.0,0.5,,0.2,12.0,steady,p2c_learned,1,24312,27.387844342331903,21.68910175145422,102.2580528739405,160.87838480703044,2.694800921355709,10.0,0.8239287197403186,2.0,frontier,d=2;probe=True
200/200/150/150/100/100/50/50,0.9,30.0,3.0,0.05,16,False,1.0,0.0,0.5,,0.2,12.0,steady,p2c_learned,2,24431,30.83830422434424,23.798972607725233,124.05342602830567,191.38183441970148,3.1191928287831034,12.0,0.8698551747587587,2.0,frontier,d=2;probe=True
200/200/150/150/100/100/50/50,0.9,30.0,3.0,0.05,16,False,1.0,0.0,0.5,,0.2,12.0,steady,p2c_learned,3,24221,29.445775538765265,23.16612392548123,119.25831776959572,190.9508288640543,2.8985178151191113,11.0,0.8693036883436711,2.0,frontier,d=2;probe=True
200/200/150/150/100/100/50/50,0.9,30.0,3.0,0.05,16,False,1.0,0.0,0.5,,0.2,12.0,steady,p2c_learned,4,24358,30.25005404334644,24.381103468034127,115.2132485130598,171.00742988403752,3.0114130881024717,10.0,0.8496425751534611,2.0,frontier,d=2;probe=True
200/200/150/150/100/100/50/50,0.9,30.0,3.0,0.05,16,False,1.0,0.0,0.5,,0.2,12.0,steady,p2c_learned,5,24518,30.580804316464953,24.803947500319445,108.98300944805038,165.4776337106259,3.0921771759523615,11.0,0.8423023339996966,2.0,frontier,d=2;probe=True
200/200/150/150/100/100/50/50,0.9,30.0,3.0,0.05,16,False,1.0,0.0,0.5,,0.2,12.0,steady,p2c_learned,6,24384,29.736804590488916,24.2289316251334,109.21306635552402,164.11418988870096,2.9731791338582676,10.0,0.8458583053139861,2.0,frontier,d=2;probe=True
200/200/150/150/100/100/50/50,0.9,30.0,3.0,0.05,16,False,1.0,0.0,0.5,,0.2,12.0,steady,p2c_learned,7,24123,27.107928765263544,21.2077923331897,107.88936256272999,163.59125200786124,2.627450980392157,9.0,0.8549628061907021,2.0,frontier,d=2;probe=True
200/200/150/150/100/100/50/50,0.9,30.0,3.0,0.05,16,False,1.0,0.0,0.5,,0.2,12.0,steady,p2c_learned,8,24435,27.484378893930824,21.89553447123549,107.15435186310985,162.25527940033598,2.677429916103949,11.0,0.8491508795753915,2.0,frontier,d=2;probe=True
200/200/150/150/100/100/50/50,0.9,30.0,3.0,0.05,16,False,1.0,0.0,0.5,,0.2,12.0,steady,p2c_learned,9,24387,30.44211449869028,23.916510939866242,118.73327424087189,181.74180084851926,3.054742280723336,13.0,0.8429130234273213,2.0,frontier,d=2;probe=True
200/200/150/150/100/100/50/50,0.9,30.0,3.0,0.05,16,False,1.0,0.0,0.5,,0.2,12.0,steady,p2c_learned,0,24557,24.279190590593107,19.676006819329572,89.12145514489792,124.86159998370437,2.4529462067842163,9.0,0.8836591884285638,3.0,frontier,d=3;probe=True
200/200/150/150/100/100/50/50,0.9,30.0,3.0,0.05,16,False,1.0,0.0,0.5,,0.2,12.0,steady,p2c_learned,1,24312,22.374726086783603,18.10910842032154,82.55279512512809,118.58085231161743,2.221989141164857,9.0,0.8156516097978574,3.0,frontier,d=3;probe=True
200/200/150/150/100/100/50/50,0.9,30.0,3.0,0.05,16,False,1.0,0.0,0.5,,0.2,12.0,steady,p2c_learned,2,24431,23.21328471588703,18.896141977979397,84.10736785413829,125.06962459887521,2.3572510335229833,9.0,0.8571905042766572,3.0,frontier,d=3;probe=True
200/200/150/150/100/100/50/50,0.9,30.0,3.0,0.05,16,False,1.0,0.0,0.5,,0.2,12.0,steady,p2c_learned,3,24221,21.80732781671462,17.80893065714828,77.78623111681134,122.53339874949093,2.0931010280335247,7.0,0.8240302189687141,3.0,frontier,d=3;probe=True
200/200/150/150/100/100/50/50,0.9,30.0,3.0,0.05,16,False,1.0,0.0,0.5,,0.2,12.0,steady,p2c_learned,4,24358,23.480350671427235,19.29587251603415,83.330109786377,124.33815373909022,2.3492897610641266,9.0,0.8458828348084405,3.0,frontier,d=3;probe=True
200/200/150/150/100/100/50/50,0.9,30.0,3.0,0.05,16,False,1.0,0.0,0.5,,0.2,12.0,steady,p2c_learned,5,24518,24.142832730608635,19.769453386720315,87.81300990272334,134.8580901059963,2.4370258585529,9.0,0.8816444009368718,3.0,frontier,d=3;probe=True
200/200/150/150/100/100/50/50,0.9,30.0,3.0,0.05,16,False,1.0,0.0,0.5,,0.2,12.0,steady,p2c_learned,6,24384,23.366470641799516,19.163696866446145,85.15560981230097,131.5761393543386,2.360482283464567,9.0,0.8722290728492648,3.0,frontier,d=3;probe=True
200/200/150/150/100/100/50/50,0.9,30.0,3.0,0.05,16,False,1.0,0.0,0.5,,0.2,12.0,steady,p2c_learned,7,24123,21.162840258045783,17.21716836384335,76.03038687952876,120.24439647980094,2.0544293827467563,8.0,0.8157594468526406,3.0,frontier,d=3;probe=True
200/200/150/150/100/100/50/50,0.9,30.0,3.0,0.05,16,False,1.0,0.0,0.5,,0.2,12.0,steady,p2c_learned,8,24435,21.867757897502692,17.654655469662828,80.23691636980843,113.66968276694027,2.1418457131164312,10.0,0.8270891580022989,3.0,frontier,d=3;probe=True
200/200/150/150/100/100/50/50,0.9,30.0,3.0,0.05,16,False,1.0,0.0,0.5,,0.2,12.0,steady,p2c_learned,9,24387,24.765263683193716,19.507740181987643,100.86223243045688,148.4121539272136,2.563250912371345,13.0,0.8607499744446097,3.0,frontier,d=3;probe=True
200/200/150/150/100/100/50/50,0.9,30.0,3.0,0.05,16,False,1.0,0.0,0.5,,0.2,12.0,steady,p2c_learned,0,24557,22.982940140551353,18.728225170782764,82.81235137319182,123.28036044990338,2.2839109011687095,9.0,0.8812982460810388,4.0,frontier,d=4;probe=True
200/200/150/150/100/100/50/50,0.9,30.0,3.0,0.05,16,False,1.0,0.0,0.5,,0.2,12.0,steady,p2c_learned,1,24312,21.680934135993347,17.39021253662898,80.0706878063392,112.67763481314397,2.184805857189865,9.0,0.8886727298883724,4.0,frontier,d=4;probe=True
200/200/150/150/100/100/50/50,0.9,30.0,3.0,0.05,16,False,1.0,0.0,0.5,,0.2,12.0,steady,p2c_learned,2,24431,21.699270235743896,17.636553006763478,80.17752511855002,116.78822883221056,2.1558675453317506,8.0,0.8720281761673436,4.0,frontier,d=4;probe=True
200/200/150/150/100/100/50/50,0.9,30.0,3.0,0.05,16,False,1.0,0.0,0.5,,0.2,12.0,steady,p2c_learned,3,24221,20.806014528001292,17.10430606012281,73.48379342513951,109.87698665257396,1.9848065728087196,7.0,0.8827851452657574,4.0,frontier,d=4;probe=True
200/200/150/150/100/100/50/50,0.9,30.0,3.0,0.05,16,False,1.0,0.0,0.5,,0.2,12.0,steady,p2c_learned,4,24358,23.8049430463697,19.682497215689043,82.06555677446367,124.26075517249562,2.454388701863864,9.0,0.8852467471447607,4.0,frontier,d=4;probe=True
200/200/150/150/100/100/50/50,0.9,30.0,3.0,0.05,16,False,1.0,0.0,0.5,,0.2,12.0,steady,p2c_learned,5,24518,22.630759196511203,18.46719928750762,84.1248857865353,133.87440160389733,2.2464311934089243,9.0,0.9066909065293669,4.0,frontier,d=4;probe=True
200/200/150/150/100/100/50/50,0.9,30.0,3.0,0.05,16,False,1.0,0.0,0.5,,0.2,12.0,steady,p2c_learned,6,24384,22.168235312324036,18.197022927957327,79.54709891090793,119.00526371811253,2.1761811023622046,8.0,0.908080285398223,4.0,frontier,d=4;probe=True
200/200/150/150/100/100/50/50,0.9,30.0,3.0,0.05,16,False,1.0,0.0,0.5,,0.2,12.0,steady,p2c_learned,7,24123,21.85481692275213,17.640538957811813,84.76518754563567,115.58197824584741,2.2361232019234754,9.0,0.8532714620374432,4.0,frontier,d=4;probe=True
200/200/150/150/100/100/50/50,0.9,30.0,3.0,0.05,16,False,1.0,0.0,0.5,,0.2,12.0,steady,p2c_learned,8,24435,20.362030242882515,16.622331162485793,77.83678819655177,123.51009409843051,1.9548189073050952,8.0,0.8566680086469465,4.0,frontier,d=4;probe=True
200/200/150/150/100/100/50/50,0.9,30.0,3.0,0.05,16,False,1.0,0.0,0.5,,0.2,12.0,steady,p2c_learned,9,24387,23.12708027129256,17.93592616835582,100.80140981348765,141.7238531263283,2.3248041989584616,13.0,0.8971647931159427,4.0,frontier,d=4;probe=True
200/200/150/150/100/100/50/50,0.9,30.0,3.0,0.05,16,False,1.0,0.0,0.5,,0.2,12.0,steady,p2c_learned+lc,0,24557,41.25963262020973,33.58501074182385,155.31688018910594,232.56315105834207,4.664657735065358,15.0,1.9178840425778403,0.0,frontier,
200/200/150/150/100/100/50/50,0.9,30.0,3.0,0.05,16,False,1.0,0.0,0.5,,0.2,12.0,steady,p2c_learned+lc,1,24312,36.18220164313647,28.98607348633142,133.18689019561583,201.04373843080606,4.065852254030931,14.0,1.9269171690694107,0.0,frontier,
200/200/150/150/100/100/50/50,0.9,30.0,3.0,0.05,16,False,1.0,0.0,0.5,,0.2,12.0,steady,p2c_learned+lc,2,24431,38.87255637348185,30.479514929436125,151.15920621145324,236.26113927729114,4.360198108959928,15.0,1.901835675916217,0.0,frontier,
200/200/150/150/100/100/50/50,0.9,30.0,3.0,0.05,16,False,1.0,0.0,0.5,,0.2,12.0,steady,p2c_learned+lc,3,24221,38.10156573275429,30.20022918093801,150.72918828599867,230.95828549795684,4.227571115973742,15.0,1.8168644440747892,0.0,frontier,
200/200/150/150/100/100/50/50,0.9,30.0,3.0,0.05,16,False,1.0,0.0,0.5,,0.2,12.0,steady,p2c_learned+lc,4,24358,39.633292007920836,31.9342523364341,155.14188700438723,228.55738704244396,4.355406847852861,14.0,1.9570291784542906,0.0,frontier,
200/200/150/150/100/100/50/50,0.9,30.0,3.0,0.05,16,False,1.0,0.0,0.5,,0.2,12.0,steady,p2c_learned+lc,5,24518,39.792419924231524,32.550693917055895,149.81742970576715,223.17362303742445,4.49433069581532,14.0,2.061910361012783,0.0,frontier,
200/200/150/150/100/100/50/50,0.9,30.0,3.0,0.05,16,False,1.0,0.0,0.5,,0.2,12.0,steady,p2c_learned+lc,6,24384,38.708289224448855,32.211919393454025,141.45700689618369,212.2308067772195,4.344775262467191,13.0,1.894606555426679,0.0,frontier,
200/200/150/150/100/100/50/50,0.9,30.0,3.0,0.05,16,False,1.0,0.0,0.5,,0.2,12.0,steady,p2c_learned+lc,7,24123,35.833610770935266,27.731908943479766,149.7175356832305,221.6252951428585,3.9328027193964266,14.0,1.8050649474585296,0.0,frontier,
200/200/150/150/100/100/50/50,0.9,30.0,3.0,0.05,16,False,1.0,0.0,0.5,,0.2,12.0,steady,p2c_learned+lc,8,24435,36.22149062303797,29.092815579256026,142.83604919082768,216.13765567670566,4.027215060364232,15.0,1.8909157827599103,0.0,frontier,
200/200/150/150/100/100/50/50,0.9,30.0,3.0,0.05,16,False,1.0,0.0,0.5,,0.2,12.0,steady,p2c_learned+lc,9,24387,40.24835751601614,32.30316683974266,152.20692980060448,243.0418410197688,4.508836675277812,16.0,2.006993759516983,0.0,frontier,
200/200/150/150/100/100/50/50,0.9,30.0,3.0,0.05,16,False,1.0,0.0,0.5,,0.2,12.0,steady,prequal,0,24557,322.71105654504197,205.7214691072069,1186.6907503074226,1400.997047183549,31.211589363521604,89.0,1.8778406886969539,0.5076267137133826,frontier,r_probe=0.5;reuse_budget=3
200/200/150/150/100/100/50/50,0.9,30.0,3.0,0.05,16,False,1.0,0.0,0.5,,0.2,12.0,steady,prequal,1,24312,158.65376217407098,76.48346934353879,799.2471546933117,936.7680310111634,14.556268509378086,62.0,1.8829093510611201,0.5118145176200866,frontier,r_probe=0.5;reuse_budget=3
200/200/150/150/100/100/50/50,0.9,30.0,3.0,0.05,16,False,1.0,0.0,0.5,,0.2,12.0,steady,prequal,2,24431,295.4111993782767,99.13785060978952,1280.6956113808435,1740.258547669958,26.381769063894232,99.0,1.8404865380764566,0.4984912048281446,frontier,r_probe=0.5;reuse_budget=3
200/200/150/150/100/100/50/50,0.9,30.0,3.0,0.05,16,False,1.0,0.0,0.5,,0.2,12.0,steady,prequal,3,24221,177.3439434180278,100.60554992835557,780.3147278561801,952.7190721143354,16.966764378019075,54.0,1.8399292192867496,0.4993874141451643,frontier,r_probe=0.5;reuse_budget=3
200/200/150/150/100/100/50/50,0.9,30.0,3.0,0.05,16,False,1.0,0.0,0.5,,0.2,12.0,steady,prequal,4,24358,301.5901426530882,129.14566623983694,1432.0617897315308,2065.927293680661,27.43981443468265,98.0,1.81190022689674,0.5016623568526044,frontier,r_probe=0.5;reuse_budget=3
200/200/150/150/100/100/50/50,0.9,30.0,3.0,0.05,16,False,1.0,0.0,0.5,,0.2,12.0,steady,prequal,5,24518,157.53060627457006,89.01535223231406,720.4855407988892,965.3095331616965,14.91353291459336,50.0,1.832113196766238,0.5049882629107981,frontier,r_probe=0.5;reuse_budget=3
200/200/150/150/100/100/50/50,0.9,30.0,3.0,0.05,16,False,1.0,0.0,0.5,,0.2,12.0,steady,prequal,6,24384,252.16481535518614,83.87238110835949,1222.8705174501931,1407.912326977663,22.60203412073491,93.0,1.7866911139663721,0.4989310726133432,frontier,r_probe=0.5;reuse_budget=3
200/200/150/150/100/100/50/50,0.9,30.0,3.0,0.05,16,False,1.0,0.0,0.5,,0.2,12.0,steady,prequal,7,24123,156.37937863781198,79.60122595440922,723.0613336722373,1040.1534315169747,14.598640301786677,47.0,1.7251989156882144,0.49944092433842713,frontier,r_probe=0.5;reuse_budget=3
200/200/150/150/100/100/50/50,0.9,30.0,3.0,0.05,16,False,1.0,0.0,0.5,,0.2,12.0,steady,prequal,8,24435,193.33112830442926,88.00762306356624,857.9362460120501,1034.9609654179374,17.892367505627174,66.0,1.7916189104301738,0.50276467118844,frontier,r_probe=0.5;reuse_budget=3
200/200/150/150/100/100/50/50,0.9,30.0,3.0,0.05,16,False,1.0,0.0,0.5,,0.2,12.0,steady,prequal,9,24387,269.84107882469993,159.6968575096591,1164.5531284820968,1388.7104375276404,25.550744248985115,93.0,1.8294298062305598,0.502827155475073,frontier,r_probe=0.5;reuse_budget=3
200/200/150/150/100/100/50/50,0.9,30.0,3.0,0.05,16,False,1.0,0.0,0.5,,0.2,12.0,steady,prequal,0,24557,44.18875161999117,34.52371067413296,191.4897888215888,283.75767160429126,4.696257686199455,15.0,1.8964684795579236,1.0,frontier,r_probe=1.0;reuse_budget=2
200/200/150/150/100/100/50/50,0.9,30.0,3.0,0.05,16,False,1.0,0.0,0.5,,0.2,12.0,steady,prequal,1,24312,40.84485296756876,30.564772006522745,181.73096350953497,281.9623980830717,4.234904573872985,14.0,1.799535195206184,1.0,frontier,r_probe=1.0;reuse_budget=2
200/200/150/150/100/100/50/50,0.9,30.0,3.0,0.05,16,False,1.0,0.0,0.5,,0.2,12.0,steady,prequal,2,24431,41.649132098101624,31.27872642518348,178.57758214318847,284.1391425197121,4.371740821087962,15.0,1.7989815699773934,1.0,frontier,r_probe=1.0;reuse_budget=2
200/200/150/150/100/100/50/50,0.9,30.0,3.0,0.05,16,False,1.0,0.0,0.5,,0.2,12.0,steady,prequal,3,24221,39.56758446405499,29.980063926275058,167.2563396222202,247.711629684005,4.068700714256224,13.0,1.8179520363471608,1.0,frontier,r_probe=1.0;reuse_budget=2
200/200/150/150/100/100/50/50,0.9,30.0,3.0,0.05,16,False,1.0,0.0,0.5,,0.2,12.0,steady,prequal,4,24358,42.125093983698555,32.46690721669854,178.80779986119586,289.19480020242077,4.4429756137613925,14.0,1.7973274852039336,1.0,frontier,r_probe=1.0;reuse_budget=2
200/200/150/150/100/100/50/50,0.9,30.0,3.0,0.05,16,False,1.0,0.0,0.5,,0.2,12.0,steady,prequal,5,24518,42.874814474153595,33.5014850665436,181.05335872594816,293.95289928085947,4.542907251814993,15.0,1.8821461555713825,1.0,frontier,r_probe=1.0;reuse_budget=2
200/200/150/150/100/100/50/50,0.9,30.0,3.0,0.05,16,False,1.0,0.0,0.5,,0.2,12.0,steady,prequal,6,24384,43.49320700168927,33.28457220633396,185.22536658471878,310.78791758259644,4.578740157480315,15.0,1.8296067284743986,1.0,frontier,r_probe=1.0;reuse_budget=2
200/200/150/150/100/100/50/50,0.9,30.0,3.0,0.05,16,False,1.0,0.0,0.5,,0.2,12.0,steady,prequal,7,24123,38.87620415154128,29.61889292472719,165.3682262862264,276.369965837086,4.007959209053601,13.0,1.8151579401486646,1.0,frontier,r_probe=1.0;reuse_budget=2
200/200/150/150/100/100/50/50,0.9,30.0,3.0,0.05,16,False,1.0,0.0,0.5,,0.2,12.0,steady,prequal,8,24435,39.44295200879034,29.9440173120864,167.89344664154544,243.76241850939465,4.141068139963168,14.0,1.778218718597462,1.0,frontier,r_probe=1.0;reuse_budget=2
200/200/150/150/100/100/50/50,0.9,30.0,3.0,0.05,16,False,1.0,0.0,0.5,,0.2,12.0,steady,prequal,9,24387,44.72646261869462,34.07650588602529,193.1046354447489,344.94182183571127,4.736621970722106,17.0,1.8238492214081192,1.0,frontier,r_probe=1.0;reuse_budget=2
200/200/150/150/100/100/50/50,0.9,30.0,3.0,0.05,16,False,1.0,0.0,0.5,,0.2,12.0,steady,prequal,0,24557,35.618917076802276,28.14131358910288,144.44259391606406,227.94789266367016,3.740888545017714,13.0,1.4295927042264305,2.0,frontier,r_probe=2.0;reuse_budget=1
200/200/150/150/100/100/50/50,0.9,30.0,3.0,0.05,16,False,1.0,0.0,0.5,,0.2,12.0,steady,prequal,1,24312,31.86299254130299,24.512772288600715,132.02528434309374,216.68461531271322,3.2793682132280355,11.0,1.4345710588968645,2.0,frontier,r_probe=2.0;reuse_budget=1
200/200/150/150/100/100/50/50,0.9,30.0,3.0,0.05,16,False,1.0,0.0,0.5,,0.2,12.0,steady,prequal,2,24431,33.09630185210266,25.212501797195586,141.0982002911489,234.81037491865735,3.416847447914535,12.0,1.502254696128442,2.0,frontier,r_probe=2.0;reuse_budget=1
200/200/150/150/100/100/50/50,0.9,30.0,3.0,0.05,16,False,1.0,0.0,0.5,,0.2,12.0,steady,prequal,3,24221,32.73372575052378,24.91627679266628,139.99326495052514,233.27812698649672,3.337971182032121,11.0,1.4340503610468365,2.0,frontier,r_probe=2.0;reuse_budget=1
200/200/150/150/100/100/50/50,0.9,30.0,3.0,0.05,16,False,1.0,0.0,0.5,,0.2,12.0,steady,prequal,4,24358,33.602304711881,26.576895440844297,137.45146742254786,222.29029706332955,3.464446998932589,11.0,1.4382109063456519,2.0,frontier,r_probe=2.0;reuse_budget=1
200/200/150/150/100/100/50/50,0.9,30.0,3.0,0.05,16,False,1.0,0.0,0.5,,0.2,12.0,steady,prequal,5,24518,34.82536933813601,27.46383924725526,142.77977789615403,211.73517511591004,3.6622889305816133,12.0,1.493038954486459,2.0,frontier,r_probe=2.0;reuse_budget=1
200/200/150/150/100/100/50/50,0.9,30.0,3.0,0.05,16,False,1.0,0.0,0.5,,0.2,12.0,steady,prequal,6,24384,33.86559235836495,26.659296247753872,143.35076450492892,225.9981237145311,3.5194799868766404,11.0,1.488892756783092,2.0,frontier,r_probe=2.0;reuse_budget=1
200/200/150/150/100/100/50/50,0.9,30.0,3.0,0.05,16,False,1.0,0.0,0.5,,0.2,12.0,steady,prequal,7,24123,31.667836896355567,24.364532187163945,135.35263950462172,233.2886031611224,3.2353770260747003,11.0,1.427091729473263,2.0,frontier,r_probe=2.0;reuse_budget=1
200/200/150/150/100/100/50/50,0.9,30.0,3.0,0.05,16,False,1.0,0.0,0.5,,0.2,12.0,steady,prequal,8,24435,32.18574523879764,24.905474211391443,133.6105752135211,188.94480343617644,3.3389809699201964,12.0,1.429176274343146,2.0,frontier,r_probe=2.0;reuse_budget=1
200/200/150/150/100/100/50/50,0.9,30.0,3.0,0.05,16,False,1.0,0.0,0.5,,0.2,12.0,steady,prequal,9,24387,34.915504780571936,27.05916336654468,144.3620693560096,227.66151779953165,3.6703161520482226,14.0,1.46101604224285,2.0,frontier,r_probe=2.0;reuse_budget=1
200/200/150/150/100/100/50/50,0.9,30.0,3.0,0.05,16,False,1.0,0.0,0.5,,0.2,12.0,steady,prequal,0,24557,33.72000579201909,26.422283414495595,133.1008944754324,243.61893826886072,3.6383108685914403,13.0,1.8726951381984658,3.0,frontier,r_probe=3.0;reuse_budget=1
200/200/150/150/100/100/50/50,0.9,30.0,3.0,0.05,16,False,1.0,0.0,0.5,,0.2,12.0,steady,prequal,1,24312,30.658661853937588,23.975969631052862,126.3313085605553,176.7056850853267,3.294175715695953,12.0,1.8168043638063245,3.0,frontier,r_probe=3.0;reuse_budget=1
200/200/150/150/100/100/50/50,0.9,30.0,3.0,0.05,16,False,1.0,0.0,0.5,,0.2,12.0,steady,prequal,2,24431,31.890677549447904,24.718931385245835,126.78693057446613,195.163314620065,3.466333756293234,12.0,1.9046461314197478,3.0,frontier,r_probe=3.0;reuse_budget=1
200/200/150/150/100/100/50/50,0.9,30.0,3.0,0.05,16,False,1.0,0.0,0.5,,0.2,12.0,steady,prequal,3,24221,31.044226958957317,24.61676813166047,127.42205837424544,236.5396581129876,3.2784360678749844,11.0,1.8259399457909993,3.0,frontier,r_probe=3.0;reuse_budget=1
200/200/150/150/100/100/50/50,0.9,30.0,3.0,0.05,16,False,1.0,0.0,0.5,,0.2,12.0,steady,prequal,4,24358,32.264768934345,26.28808441076025,126.54522763026547,197.37163474383445,3.511207816733722,12.0,1.8369139928856153,3.0,frontier,r_probe=3.0;reuse_budget=1
200/200/150/150/100/100/50/50,0.9,30.0,3.0,0.05,16,False,1.0,0.0,0.5,,0.2,12.0,steady,prequal,5,24518,32.78550931943266,26.482599311943744,130.17028031343085,210.35703157651616,3.589158985235337,12.0,1.8221653306241872,3.0,frontier,r_probe=3.0;reuse_budget=1
200/200/150/150/100/100/50/50,0.9,30.0,3.0,0.05,16,False,1.0,0.0,0.5,,0.2,12.0,steady,prequal,6,24384,32.47902789367905,26.186680452926936,122.41342050053986,196.3129845625573,3.487942913385827,12.0,1.8383476521642192,3.0,frontier,r_probe=3.0;reuse_budget=1
200/200/150/150/100/100/50/50,0.9,30.0,3.0,0.05,16,False,1.0,0.0,0.5,,0.2,12.0,steady,prequal,7,24123,29.186370180659658,22.91282968109165,121.68312958615692,190.0790945808179,3.065870745761307,10.0,1.7689297225524128,3.0,frontier,r_probe=3.0;reuse_budget=1
200/200/150/150/100/100/50/50,0.9,30.0,3.0,0.05,16,False,1.0,0.0,0.5,,0.2,12.0,steady,prequal,8,24435,30.62987339977495,24.09659707885936,121.73509977243269,190.76231431959704,3.3043994270513606,13.0,1.7876403895780117,3.0,frontier,r_probe=3.0;reuse_budget=1
200/200/150/150/100/100/50/50,0.9,30.0,3.0,0.05,16,False,1.0,0.0,0.5,,0.2,12.0,steady,prequal,9,24387,33.52913871208145,26.047219899670182,142.60292303556133,221.1720164146676,3.6120474023045066,15.0,1.8859622605752129,3.0,frontier,r_probe=3.0;reuse_budget=1
200/200/150/150/100/100/50/50,0.9,30.0,3.0,0.05,16,False,1.0,0.0,0.5,,0.2,12.0,steady,prequal,0,24557,33.68836139454835,27.22089754358592,129.5588941224532,207.0871631515668,3.7635297471189477,13.0,2.2554765201839535,5.0,frontier,r_probe=5.0;reuse_budget=1
200/200/150/150/100/100/50/50,0.9,30.0,3.0,0.05,16,False,1.0,0.0,0.5,,0.2,12.0,steady,prequal,1,24312,31.388892836026198,24.900648313753493,131.32556023982136,196.65236220218753,3.481038170450806,12.0,2.16595851239233,5.0,frontier,r_probe=5.0;reuse_budget=1
200/200/150/150/100/100/50/50,0.9,30.0,3.0,0.05,16,False,1.0,0.0,0.5,,0.2,12.0,steady,prequal,2,24431,31.79331868054678,25.400560752636636,123.28065634551758,179.58007811391437,3.545168024231509,12.0,2.231768441437848,5.0,frontier,r_probe=5.0;reuse_budget=1
200/200/150/150/100/100/50/50,0.9,30.0,3.0,0.05,16,False,1.0,0.0,0.5,,0.2,12.0,steady,prequal,3,24221,30.979918619548616,24.89378119934571,127.94863199550186,205.7670401734822,3.378762231121754,11.0,2.243359879018305,5.0,frontier,r_probe=5.0;reuse_budget=1
200/200/150/150/100/100/50/50,0.9,30.0,3.0,0.05,16,False,1.0,0.0,0.5,,0.2,12.0,steady,prequal,4,24358,32.3360627757214,25.806693719647278,127.77634170086633,211.62775510249875,3.5245504557024385,12.0,2.2097986200122204,5.0,frontier,r_probe=5.0;reuse_budget=1
200/200/150/150/100/100/50/50,0.9,30.0,3.0,0.05,16,False,1.0,0.0,0.5,,0.2,12.0,steady,prequal,5,24518,33.407701861402195,26.824933238289717,137.82644722189127,233.97596310929492,3.712129863773554,12.0,2.313383571226282,5.0,frontier,r_probe=5.0;reuse_budget=1
200/200/150/150/100/100/50/50,0.9,30.0,3.0,0.05,16,False,1.0,0.0,0.5,,0.2,12.0,steady,prequal,6,24384,33.34637219600975,27.300841339767956,133.92373370873324,204.70664672031526,3.710958005249344,12.0,2.152884758563794,5.0,frontier,r_probe=5.0;reuse_budget=1
200/200/150/150/100/100/50/50,0.9,30.0,3.0,0.05,16,False,1.0,0.0,0.5,,0.2,12.0,steady,prequal,7,24123,29.604708928648467,23.358264072626866,117.11437052007749,189.91359543454658,3.2494714587737845,11.0,2.144170776381019,5.0,frontier,r_probe=5.0;reuse_budget=1
200/200/150/150/100/100/50/50,0.9,30.0,3.0,0.05,16,False,1.0,0.0,0.5,,0.2,12.0,steady,prequal,8,24435,31.054090293511425,24.623032053531446,125.57542575990233,203.09687665388978,3.424964190710047,12.0,2.1651968558085244,5.0,frontier,r_probe=5.0;reuse_budget=1
200/200/150/150/100/100/50/50,0.9,30.0,3.0,0.05,16,False,1.0,0.0,0.5,,0.2,12.0,steady,prequal,9,24387,34.09722179946443,26.83425931614636,138.7741237022995,257.9673085493501,3.806782302046172,14.0,2.2864439561336245,5.0,frontier,r_probe=5.0;reuse_budget=1
200/200/150/150/100/100/50/50,0.9,30.0,3.0,0.05,16,False,1.0,0.0,0.5,,0.2,12.0,steady,probe_d,0,24557,40.92568593399113,26.181017518615235,236.70292860665646,339.87648795301436,3.3767561184183736,10.0,0.847954940942133,2.0,frontier,d=2
200/200/150/150/100/100/50/50,0.9,30.0,3.0,0.05,16,False,1.0,0.0,0.5,,0.2,12.0,steady,probe_d,1,24312,36.53425121357279,23.549174399685846,203.23360163026314,292.9082765093968,2.9555774925962486,9.0,0.8377096905133907,2.0,frontier,d=2
200/200/150/150/100/100/50/50,0.9,30.0,3.0,0.05,16,False,1.0,0.0,0.5,,0.2,12.0,steady,probe_d,2,24431,40.90550694440429,25.384905674922464,233.521269711115,360.745658000558,3.4078834267938274,12.0,0.8864410857894136,2.0,frontier,d=2
200/200/150/150/100/100/50/50,0.9,30.0,3.0,0.05,16,False,1.0,0.0,0.5,,0.2,12.0,steady,probe_d,3,24221,38.28981904811322,23.995033662295384,215.74258575847787,311.44128296058256,3.0677924115437016,9.0,0.8433341794802411,2.0,frontier,d=2
200/200/150/150/100/100/50/50,0.9,30.0,3.0,0.05,16,False,1.0,0.0,0.5,,0.2,12.0,steady,probe_d,4,24358,38.29610418915811,25.03034697399631,219.32189210414484,365.4095599126853,3.1062074061909843,9.0,0.843805472664208,2.0,frontier,d=2
200/200/150/150/100/100/50/50,0.9,30.0,3.0,0.05,16,False,1.0,0.0,0.5,,0.2,12.0,steady,probe_d,5,24518,39.37872276221682,25.891361906184684,211.8721795615602,323.00854077351596,3.26690594665144,10.0,0.8497406690246746,2.0,frontier,d=2
200/200/150/150/100/100/50/50,0.9,30.0,3.0,0.05,16,False,1.0,0.0,0.5,,0.2,12.0,steady,probe_d,6,24384,39.8370480217353,25.62076190831597,216.75953107034374,314.5347991400104,3.2567667322834644,9.0,0.8549971106365161,2.0,frontier,d=2
200/200/150/150/100/100/50/50,0.9,30.0,3.0,0.05,16,False,1.0,0.0,0.5,,0.2,12.0,steady,probe_d,7,24123,35.558944833207946,21.898110080170063,203.31291645128755,297.54274316845624,2.779090494548771,9.0,0.8611256212587199,2.0,frontier,d=2
200/200/150/150/100/100/50/50,0.9,30.0,3.0,0.05,16,False,1.0,0.0,0.5,,0.2,12.0,steady,probe_d,8,24435,36.07744999436038,23.16619561611688,204.82110504071912,321.61413001227044,2.8907714344178435,10.0,0.8377734016559972,2.0,frontier,d=2
200/200/150/150/100/100/50/50,0.9,30.0,3.0,0.05,16,False,1.0,0.0,0.5,,0.2,12.0,steady,probe_d,9,24387,39.661638493397824,25.964644986796515,213.18350748157616,312.59168445946955,3.280108254397835,12.0,0.853719926002845,2.0,frontier,d=2
200/200/150/150/100/100/50/50,0.9,30.0,3.0,0.05,16,False,1.0,0.0,0.5,,0.2,12.0,steady,probe_d,0,24557,30.979887078465595,24.758760942894753,117.3349792068295,169.86840343759926,3.1226534185771877,11.0,0.8585218346389647,2.0,frontier,d=2;score=sed
200/200/150/150/100/100/50/50,0.9,30.0,3.0,0.05,16,False,1.0,0.0,0.5,,0.2,12.0,steady,probe_d,1,24312,27.363876833228247,21.414209017292407,103.7890281369676,149.0821718384325,2.697186574531096,11.0,0.8191790874210556,2.0,frontier,d=2;score=sed
200/200/150/150/100/100/50/50,0.9,30.0,3.0,0.05,16,False,1.0,0.0,0.5,,0.2,12.0,steady,probe_d,2,24431,30.92301792740738,23.51139043007322,122.80532970133608,185.78715566846347,3.114813147230977,12.0,0.8719222234030544,2.0,frontier,d=2;score=sed
200/200/150/150/100/100/50/50,0.9,30.0,3.0,0.05,16,False,1.0,0.0,0.5,,0.2,12.0,steady,probe_d,3,24221,29.087284698709645,23.08432954874018,113.56044866205032,171.38477826248302,2.8607406795755748,10.0,0.8508505086902736,2.0,frontier,d=2;score=sed
200/200/150/150/100/100/50/50,0.9,30.0,3.0,0.05,16,False,1.0,0.0,0.5,,0.2,12.0,steady,probe_d,4,24358,29.58650673532111,24.162635503538255,111.99514591128496,162.11376346511935,2.965514410050086,10.0,0.8524147716193804,2.0,frontier,d=2;score=sed
200/200/150/150/100/100/50/50,0.9,30.0,3.0,0.05,16,False,1.0,0.0,0.5,,0.2,12.0,steady,probe_d,5,24518,30.06060618913703,24.373753902551698,107.86527622308384,181.14854210833298,3.0464964515865893,11.0,0.8735818911415952,2.0,frontier,d=2;score=sed
200/200/150/150/100/100/50/50,0.9,30.0,3.0,0.05,16,False,1.0,0.0,0.5,,0.2,12.0,steady,probe_d,6,24384,29.56531763054689,24.029960475914436,110.80431013551815,158.17197276855845,2.9272063648293964,10.0,0.8587906489477103,2.0,frontier,d=2;score=sed
200/200/150/150/100/100/50/50,0.9,30.0,3.0,0.05,16,False,1.0,0.0,0.5,,0.2,12.0,steady,probe_d,7,24123,26.771476531059427,20.91926182079007,107.19265829503354,157.4498827036788,2.5699125316088383,10.0,0.8369822396809051,2.0,frontier,d=2;score=sed
200/200/150/150/100/100/50/50,0.9,30.0,3.0,0.05,16,False,1.0,0.0,0.5,,0.2,12.0,steady,probe_d,8,24435,27.002842164603756,21.67443899964283,105.0077245267914,141.5052419376172,2.6541436464088397,10.0,0.8331791628851114,2.0,frontier,d=2;score=sed
200/200/150/150/100/100/50/50,0.9,30.0,3.0,0.05,16,False,1.0,0.0,0.5,,0.2,12.0,steady,probe_d,9,24387,30.35690802391419,24.005798113154952,120.23352918281745,173.11269016843954,3.039406241030057,13.0,0.8549603679744259,2.0,frontier,d=2;score=sed
200/200/150/150/100/100/50/50,0.9,30.0,3.0,0.05,16,False,1.0,0.0,0.5,,0.2,12.0,steady,probe_d,0,24557,28.195784299108112,18.743294763304164,158.7919462526349,238.97698822624835,2.134910616117604,7.0,0.8327490394935686,3.0,frontier,d=3
200/200/150/150/100/100/50/50,0.9,30.0,3.0,0.05,16,False,1.0,0.0,0.5,,0.2,12.0,steady,probe_d,1,24312,25.05543444459224,16.67057272731043,140.47985117777083,210.09875608413833,1.8035949325435998,6.0,0.8292340394930754,3.0,frontier,d=3
200/200/150/150/100/100/50/50,0.9,30.0,3.0,0.05,16,False,1.0,0.0,0.5,,0.2,12.0,steady,probe_d,2,24431,26.23546039186716,17.246743076022142,145.4770846421458,234.55135683216758,1.938029552617576,6.0,0.8436197273283295,3.0,frontier,d=3
200/200/150/150/100/100/50/50,0.9,30.0,3.0,0.05,16,False,1.0,0.0,0.5,,0.2,12.0,steady,probe_d,3,24221,25.354734174566172,17.137246927706684,132.0800758011133,196.99093676396345,1.825399446761075,5.0,0.849459095185843,3.0,frontier,d=3
200/200/150/150/100/100/50/50,0.9,30.0,3.0,0.05,16,False,1.0,0.0,0.5,,0.2,12.0,steady,probe_d,4,24358,27.01278067520369,17.729621792566874,153.0483164569984,224.62978997260137,1.997249363658757,7.0,0.8533040650719288,3.0,frontier,d=3
200/200/150/150/100/100/50/50,0.9,30.0,3.0,0.05,16,False,1.0,0.0,0.5,,0.2,12.0,steady,probe_d,5,24518,27.553004367560007,18.589062464936745,149.3538575132805,242.79503743850597,2.0893629170405417,7.0,0.8480052605015004,3.0,frontier,d=3
200/200/150/150/100/100/50/50,0.9,30.0,3.0,0.05,16,False,1.0,0.0,0.5,,0.2,12.0,steady,probe_d,6,24384,26.51578958386565,17.88373255341469,149.49168054798352,250.6032738436379,1.9440206692913387,6.0,0.8556095186804226,3.0,frontier,d=3
200/200/150/150/100/100/50/50,0.9,30.0,3.0,0.05,16,False,1.0,0.0,0.5,,0.2,12.0,steady,probe_d,7,24123,24.051833292265872,15.722998373561836,136.70625745137315,211.2739777499892,1.6892177589852009,6.0,0.7932666190605786,3.0,frontier,d=3
200/200/150/150/100/100/50/50,0.9,30.0,3.0,0.05,16,False,1.0,0.0,0.5,,0.2,12.0,steady,probe_d,8,24435,25.097598546376094,16.49225211680516,144.13904388282748,237.44320840567858,1.817597708205443,8.0,0.8483291019969003,3.0,frontier,d=3
200/200/150/150/100/100/50/50,0.9,30.0,3.0,0.05,16,False,1.0,0.0,0.5,,0.2,12.0,steady,probe_d,9,24387,27.822696892305313,18.02090336229689,155.91891250943232,262.06642008996374,2.0791405256899167,10.0,0.8505476787079974,3.0,frontier,d=3
200/200/150/150/100/100/50/50,0.9,30.0,3.0,0.05,16,False,1.0,0.0,0.5,,0.2,12.0,steady,probe_d,0,24557,23.74608221941257,19.42228539921409,86.60170226667243,120.00041228364185,2.3836380665390724,9.0,0.8504056176319723,3.0,frontier,d=3;score=sed
200/200/150/150/100/100/50/50,0.9,30.0,3.0,0.05,16,False,1.0,0.0,0.5,,0.2,12.0,steady,probe_d,1,24312,21.69141647679124,17.285099014455074,81.10300491573263,112.09011390996866,2.1030766699572228,9.0,0.8443855526561044,3.0,frontier,d=3;score=sed
200/200/150/150/100/100/50/50,0.9,30.0,3.0,0.05,16,False,1.0,0.0,0.5,,0.2,12.0,steady,probe_d,2,24431,22.199823088625656,17.67196647245939,82.97071867421818,132.40710005027188,2.1687200687650936,9.0,0.8636691995429814,3.0,frontier,d=3;score=sed
200/200/150/150/100/100/50/50,0.9,30.0,3.0,0.05,16,False,1.0,0.0,0.5,,0.2,12.0,steady,probe_d,3,24221,21.393951152599595,17.533573378525347,75.96559724080615,109.09350013309621,2.0472730275380866,7.0,0.8427278659313031,3.0,frontier,d=3;score=sed
200/200/150/150/100/100/50/50,0.9,30.0,3.0,0.05,16,False,1.0,0.0,0.5,,0.2,12.0,steady,probe_d,4,24358,22.651136022673168,18.503123442421554,83.27786407789685,120.91486630570206,2.2238279004844403,8.0,0.8580361674897661,3.0,frontier,d=3;score=sed
200/200/150/150/100/100/50/50,0.9,30.0,3.0,0.05,16,False,1.0,0.0,0.5,,0.2,12.0,steady,probe_d,5,24518,23.490576993828594,19.41387640644443,83.49517072650633,122.51992195560028,2.352965168447671,9.0,0.8528698080709596,3.0,frontier,d=3;score=sed
200/200/150/150/100/100/50/50,0.9,30.0,3.0,0.05,16,False,1.0,0.0,0.5,,0.2,12.0,steady,probe_d,6,24384,22.915529209628982,18.71937230888676,85.32447300847133,127.74448133757292,2.239665354330709,9.0,0.8457893433398238,3.0,frontier,d=3;score=sed
200/200/150/150/100/100/50/50,0.9,30.0,3.0,0.05,16,False,1.0,0.0,0.5,,0.2,12.0,steady,probe_d,7,24123,20.515408526937907,16.55776942202536,74.81970810062164,120.50825524340289,1.9295278365045807,8.0,0.833062311755252,3.0,frontier,d=3;score=sed
200/200/150/150/100/100/50/50,0.9,30.0,3.0,0.05,16,False,1.0,0.0,0.5,,0.2,12.0,steady,probe_d,8,24435,21.0102188545768,16.869469657326164,78.15757319783528,123.54091631226981,2.0274196848782484,9.0,0.8040965799257035,3.0,frontier,d=3;score=sed
200/200/150/150/100/100/50/50,0.9,30.0,3.0,0.05,16,False,1.0,0.0,0.5,,0.2,12.0,steady,probe_d,9,24387,23.899910180214427,18.682880774621324,100.68587176525322,152.0764865236612,2.3976708902284005,13.0,0.8151216951548705,3.0,frontier,d=3;score=sed
200/200/150/150/100/100/50/50,0.9,30.0,3.0,0.05,16,False,1.0,0.0,0.5,,0.2,12.0,steady,probe_d,0,24557,24.88015139010682,16.633719263239755,136.09028731022894,193.07208427034894,1.7619416052449404,6.0,0.874204886093543,4.0,frontier,d=4
200/200/150/150/100/100/50/50,0.9,30.0,3.0,0.05,16,False,1.0,0.0,0.5,,0.2,12.0,steady,probe_d,1,24312,22.456240511162598,15.020969999693712,128.59366515161517,209.747477775894,1.515177690029615,6.0,0.8551597894401295,4.0,frontier,d=4
200/200/150/150/100/100/50/50,0.9,30.0,3.0,0.05,16,False,1.0,0.0,0.5,,0.2,12.0,steady,probe_d,2,24431,23.08662410478616,15.380687554060302,129.23094298011168,196.77327199559582,1.5899471982317548,6.0,0.8608554059953554,4.0,frontier,d=4
200/200/150/150/100/100/50/50,0.9,30.0,3.0,0.05,16,False,1.0,0.0,0.5,,0.2,12.0,steady,probe_d,3,24221,22.361051853476294,14.853924510008554,125.62145349874409,189.1300583006602,1.4820610214276868,5.0,0.8597399743877558,4.0,frontier,d=4
200/200/150/150/100/100/50/50,0.9,30.0,3.0,0.05,16,False,1.0,0.0,0.5,,0.2,12.0,steady,probe_d,4,24358,23.570310298348065,15.827773814984347,129.27959956421327,222.9039726411946,1.6198374250759504,5.0,0.8670004524898098,4.0,frontier,d=4
200/200/150/150/100/100/50/50,0.9,30.0,3.0,0.05,16,False,1.0,0.0,0.5,,0.2,12.0,steady,probe_d,5,24518,24.22766513519432,16.24207671642708,135.48553874954433,222.3953716909678,1.7077249367811405,6.0,0.8789715861044366,4.0,frontier,d=4
200/200/150/150/100/100/50/50,0.9,30.0,3.0,0.05,16,False,1.0,0.0,0.5,,0.2,12.0,steady,probe_d,6,24384,23.48299740633348,15.991323406277402,127.83642323078051,203.49665515804588,1.622580380577428,6.0,0.8627933527155749,4.0,frontier,d=4
200/200/150/150/100/100/50/50,0.9,30.0,3.0,0.05,16,False,1.0,0.0,0.5,,0.2,12.0,steady,probe_d,7,24123,21.43225439873565,14.200572248874721,121.14136325980338,196.30965310112157,1.3844049247606018,5.0,0.8231049295862378,4.0,frontier,d=4
200/200/150/150/100/100/50/50,0.9,30.0,3.0,0.05,16,False,1.0,0.0,0.5,,0.2,12.0,steady,probe_d,8,24435,21.7746062549638,14.46970428568406,126.56250687050962,198.84573406091107,1.4326171475342746,6.0,0.8378530267847006,4.0,frontier,d=4
200/200/150/150/100/100/50/50,0.9,30.0,3.0,0.05,16,False,1.0,0.0,0.5,,0.2,12.0,steady,probe_d,9,24387,24.737625537102147,16.024107438111557,141.3962650690972,250.8516105592576,1.7574527412145815,9.0,0.8627762006185484,4.0,frontier,d=4
200/200/150/150/100/100/50/50,0.9,30.0,3.0,0.05,16,False,1.0,0.0,0.5,,0.2,12.0,steady,probe_d,0,24557,22.318469556046345,17.966494322841697,83.7799194753891,112.29122630596528,2.1720079814309567,9.0,0.8957803301330853,4.0,frontier,d=4;score=sed
200/200/150/150/100/100/50/50,0.9,30.0,3.0,0.05,16,False,1.0,0.0,0.5,,0.2,12.0,steady,probe_d,1,24312,20.426989387791348,16.232662059129765,75.95018547471619,108.90829298533257,1.928019085225403,9.0,0.8496537457779882,4.0,frontier,d=4;score=sed
200/200/150/150/100/100/50/50,0.9,30.0,3.0,0.05,16,False,1.0,0.0,0.5,,0.2,12.0,steady,probe_d,2,24431,20.89850147299937,16.719215969619228,77.27543648604227,120.76557152168137,2.0088821579141256,8.0,0.8888060254950148,4.0,frontier,d=4;score=sed
200/200/150/150/100/100/50/50,0.9,30.0,3.0,0.05,16,False,1.0,0.0,0.5,,0.2,12.0,steady,probe_d,3,24221,20.357109737401718,16.69572554731147,72.07738169726024,101.94593733835441,1.8839023987448908,7.0,0.8514448152879573,4.0,frontier,d=4;score=sed
200/200/150/150/100/100/50/50,0.9,30.0,3.0,0.05,16,False,1.0,0.0,0.5,,0.2,12.0,steady,probe_d,4,24358,21.37505256206515,17.450544198498896,77.97980796617992,115.337608313515,2.050537810986124,8.0,0.8645915631260822,4.0,frontier,d=4;score=sed
200/200/150/150/100/100/50/50,0.9,30.0,3.0,0.05,16,False,1.0,0.0,0.5,,0.2,12.0,steady,probe_d,5,24518,22.027794480058038,17.80394567123267,80.97395219727208,116.90959620433537,2.1378986866791743,9.0,0.8996672040192408,4.0,frontier,d=4;score=sed
200/200/150/150/100/100/50/50,0.9,30.0,3.0,0.05,16,False,1.0,0.0,0.5,,0.2,12.0,steady,probe_d,6,24384,21.32767980767944,17.37566566711557,76.80105597234282,119.48599049973583,2.017839566929134,8.0,0.881698318073552,4.0,frontier,d=4;score=sed
200/200/150/150/100/100/50/50,0.9,30.0,3.0,0.05,16,False,1.0,0.0,0.5,,0.2,12.0,steady,probe_d,7,24123,19.234155991662885,15.260509988369364,73.37712975172327,111.08883658806567,1.7470049330514448,7.0,0.8128011954981005,4.0,frontier,d=4;score=sed
200/200/150/150/100/100/50/50,0.9,30.0,3.0,0.05,16,False,1.0,0.0,0.5,,0.2,12.0,steady,probe_d,8,24435,19.650729727982853,15.847424044576286,75.59311857529669,114.1529019131562,1.8267239615305915,9.0,0.8286651988576884,4.0,frontier,d=4;score=sed
200/200/150/150/100/100/50/50,0.9,30.0,3.0,0.05,16,False,1.0,0.0,0.5,,0.2,12.0,steady,probe_d,9,24387,22.316440762619695,16.95646782226845,96.71923883367266,148.6822538646767,2.1739041292491903,13.0,0.886970728417739,4.0,frontier,d=4;score=sed
200/200/150/150/100/100/50/50,0.9,30.0,3.0,0.05,16,False,1.0,0.0,0.5,,0.2,12.0,steady,ts+lc,0,24557,48.836768603877594,41.523975469129226,164.09081496842543,222.11576282389632,6.474895141914729,23.0,6.6969617203605605,0.0,frontier,
200/200/150/150/100/100/50/50,0.9,30.0,3.0,0.05,16,False,1.0,0.0,0.5,,0.2,12.0,steady,ts+lc,1,24312,49.103398626328044,39.9236059332253,167.212501718999,223.38321851752642,6.639396182954919,26.0,8.398294662273237,0.0,frontier,
200/200/150/150/100/100/50/50,0.9,30.0,3.0,0.05,16,False,1.0,0.0,0.5,,0.2,12.0,steady,ts+lc,2,24431,49.94823580246318,41.44629244167497,175.29487678444235,260.12483082668336,6.9157627604273255,26.0,7.502000469427023,0.0,frontier,
200/200/150/150/100/100/50/50,0.9,30.0,3.0,0.05,16,False,1.0,0.0,0.5,,0.2,12.0,steady,ts+lc,3,24221,44.63419270727288,37.20277167781205,156.79063979116697,244.18662639666275,5.967590107757731,22.0,6.338895997638961,0.0,frontier,
200/200/150/150/100/100/50/50,0.9,30.0,3.0,0.05,16,False,1.0,0.0,0.5,,0.2,12.0,steady,ts+lc,4,24358,49.83222263807237,41.96098641056389,168.60871435553636,248.24881479397803,6.733680926184416,25.0,7.494059702573473,0.0,frontier,
200/200/150/150/100/100/50/50,0.9,30.0,3.0,0.05,16,False,1.0,0.0,0.5,,0.2,12.0,steady,ts+lc,5,24518,50.3033540385105,41.73187373713905,176.75611025728958,276.5288095378113,6.68655681540093,25.0,7.496720574134892,0.0,frontier,
200/200/150/150/100/100/50/50,0.9,30.0,3.0,0.05,16,False,1.0,0.0,0.5,,0.2,12.0,steady,ts+lc,6,24384,48.96342227646012,41.13262220243108,169.51286421457866,262.67890793500675,6.457390091863517,24.0,7.527823299260816,0.0,frontier,
200/200/150/150/100/100/50/50,0.9,30.0,3.0,0.05,16,False,1.0,0.0,0.5,,0.2,12.0,steady,ts+lc,7,24123,42.43167286069646,35.47667865509929,143.2973118941192,214.90906190291975,5.741242797330349,21.0,6.425759302896359,0.0,frontier,
200/200/150/150/100/100/50/50,0.9,30.0,3.0,0.05,16,False,1.0,0.0,0.5,,0.2,12.0,steady,ts+lc,8,24435,41.65239990085731,35.19891858888613,140.75999270919212,197.34754851153326,5.567137303048905,21.0,5.13659052654241,0.0,frontier,
200/200/150/150/100/100/50/50,0.9,30.0,3.0,0.05,16,False,1.0,0.0,0.5,,0.2,12.0,steady,ts+lc,9,24387,49.920792911892754,41.43986952070833,176.29594396436272,243.5873213258464,6.645876901627917,25.0,6.870118059241865,0.0,frontier,
