mus,rho,duration,warmup,staleness,num_dispatchers,gray_server,gray_factor,gray_start,scenario,policy,seed,requests,mean_ms,p50_ms,p99_ms,p999_ms,joined_queue_mean,joined_queue_p99,fano,experiment,policy_kwargs
200/200/150/150/100/100/50/50,0.5,30.0,3.0,0.05,16,,0.2,12.0,steady,greedy,0,13652,16.532611859390233,11.415489925612476,77.70813423730073,117.20423988325561,1.7561529446234985,10.0,3.001442882021956,load,
200/200/150/150/100/100/50/50,0.5,30.0,3.0,0.05,16,,0.2,12.0,steady,greedy,1,13565,17.479476370646655,11.822932982653356,89.65031768556437,165.59402853661302,1.8053077773682271,10.0,3.3543322537358935,load,
200/200/150/150/100/100/50/50,0.5,30.0,3.0,0.05,16,,0.2,12.0,steady,greedy,2,13630,18.156077263347875,12.125141898084113,90.82700039762364,189.08594117424283,1.9057960381511372,11.0,3.383595255519279,load,
200/200/150/150/100/100/50/50,0.5,30.0,3.0,0.05,16,,0.2,12.0,steady,greedy,3,13704,17.328916643571016,12.145314082345315,81.02097929844372,112.49047925803315,1.8444249854057209,10.0,3.053991924576612,load,
200/200/150/150/100/100/50/50,0.5,30.0,3.0,0.05,16,,0.2,12.0,steady,greedy,4,13594,16.811110209226733,11.698883752560008,74.14440442631832,117.06266915019265,1.7953508900985728,10.0,3.2490332255208294,load,
200/200/150/150/100/100/50/50,0.5,30.0,3.0,0.05,16,,0.2,12.0,steady,greedy,5,13602,15.70183591077547,10.972093910941005,70.5376108499085,100.73571198035191,1.6457138656079988,9.0,2.7671657269903935,load,
200/200/150/150/100/100/50/50,0.5,30.0,3.0,0.05,16,,0.2,12.0,steady,greedy,6,13667,17.453299404396066,12.224959222749021,79.04107580496697,115.20146124030238,1.8683690641691666,11.0,3.3065395996201845,load,
200/200/150/150/100/100/50/50,0.5,30.0,3.0,0.05,16,,0.2,12.0,steady,greedy,7,13463,17.116213220567765,12.023623003923234,78.09578072020469,111.39267931519127,1.8602094629725916,11.0,3.3240371853649173,load,
200/200/150/150/100/100/50/50,0.5,30.0,3.0,0.05,16,,0.2,12.0,steady,greedy,8,13464,15.958159024258283,11.144703587314453,71.11069399984657,105.74316266278946,1.7287581699346406,10.0,2.9886923498010844,load,
200/200/150/150/100/100/50/50,0.5,30.0,3.0,0.05,16,,0.2,12.0,steady,greedy,9,13507,15.677515449357543,11.197770802120033,69.326125572013,98.02511812419793,1.6569186347819649,10.0,2.5515857358719325,load,
200/200/150/150/100/100/50/50,0.5,30.0,3.0,0.05,16,,0.2,12.0,steady,greedy+lc,0,13652,14.880793717459577,10.65548975409758,66.79576698542262,104.3486766022751,1.4477732200410196,8.0,2.5177206817897098,load,
200/200/150/150/100/100/50/50,0.5,30.0,3.0,0.05,16,,0.2,12.0,steady,greedy+lc,1,13565,14.946718464298614,10.670835537414547,64.89573980830075,96.53113159634427,1.495539992628087,8.0,2.725148254866734,load,
200/200/150/150/100/100/50/50,0.5,30.0,3.0,0.05,16,,0.2,12.0,steady,greedy+lc,2,13630,15.084804482198491,10.704135504258971,65.40135280135114,90.33815571095884,1.4815847395451212,8.0,2.6204704710829723,load,
200/200/150/150/100/100/50/50,0.5,30.0,3.0,0.05,16,,0.2,12.0,steady,greedy+lc,3,13704,15.197477209165676,10.739550410264975,72.35911749649526,110.5961065533674,1.4689871570344426,9.0,2.361809765130124,load,
200/200/150/150/100/100/50/50,0.5,30.0,3.0,0.05,16,,0.2,12.0,steady,greedy+lc,4,13594,14.048754186396238,10.028337445872282,61.665087597882454,93.44052864979668,1.3552302486391055,8.0,2.1856898182254185,load,
200/200/150/150/100/100/50/50,0.5,30.0,3.0,0.05,16,,0.2,12.0,steady,greedy+lc,5,13602,14.27512618902044,10.300244525030422,63.10423691713955,91.85259529938378,1.4300102926040288,8.0,2.3073493445476743,load,
200/200/150/150/100/100/50/50,0.5,30.0,3.0,0.05,16,,0.2,12.0,steady,greedy+lc,6,13667,14.62147888287014,10.572875707104856,63.548531655315095,92.808778695092,1.3785029633423576,8.0,2.2876027015160574,load,
200/200/150/150/100/100/50/50,0.5,30.0,3.0,0.05,16,,0.2,12.0,steady,greedy+lc,7,13463,14.744712890368348,10.323220878652783,67.34341074881908,94.23509462899179,1.4328901433558643,8.0,2.485722783971675,load,
200/200/150/150/100/100/50/50,0.5,30.0,3.0,0.05,16,,0.2,12.0,steady,greedy+lc,8,13464,14.120366557176911,10.02134992658199,62.66899166627273,89.2433075622455,1.3367498514557339,8.0,2.3363290219097643,load,
200/200/150/150/100/100/50/50,0.5,30.0,3.0,0.05,16,,0.2,12.0,steady,greedy+lc,9,13507,14.531567780757957,10.569059896521793,61.879152803914444,90.42166433291138,1.419708299400311,8.0,2.3601868694258292,load,
200/200/150/150/100/100/50/50,0.5,30.0,3.0,0.05,16,,0.2,12.0,steady,jsq,0,13652,25.678116093033136,13.351815177058413,178.1154107037324,275.2215094931155,1.715939056548491,11.0,4.666502570729889,load,
200/200/150/150/100/100/50/50,0.5,30.0,3.0,0.05,16,,0.2,12.0,steady,jsq,1,13565,25.533231396005192,13.885641243565061,170.23339333271068,268.8995299505305,1.694950239587173,10.0,4.698638565074402,load,
200/200/150/150/100/100/50/50,0.5,30.0,3.0,0.05,16,,0.2,12.0,steady,jsq,2,13630,28.09541316165724,13.948653779605635,204.74480774754807,397.5773992479911,1.8302274394717535,12.0,4.815599781636219,load,
200/200/150/150/100/100/50/50,0.5,30.0,3.0,0.05,16,,0.2,12.0,steady,jsq,3,13704,26.944744705463958,14.490859579656679,172.64387117958503,337.7330820129671,1.821511967308815,11.0,4.835918067544263,load,
200/200/150/150/100/100/50/50,0.5,30.0,3.0,0.05,16,,0.2,12.0,steady,jsq,4,13594,26.440171342655702,13.548235578167755,192.54600719130733,318.2287484005376,1.7337796086508754,12.0,4.595139412950447,load,
200/200/150/150/100/100/50/50,0.5,30.0,3.0,0.05,16,,0.2,12.0,steady,jsq,5,13602,24.85698101776573,13.6009355224882,164.77101519879983,300.1555080306751,1.6084399353036318,9.0,4.3177359068264565,load,
200/200/150/150/100/100/50/50,0.5,30.0,3.0,0.05,16,,0.2,12.0,steady,jsq,6,13667,25.342631342723873,13.726683858976685,167.66511202061034,284.87689615355237,1.659618058096144,9.0,4.494468049107555,load,
200/200/150/150/100/100/50/50,0.5,30.0,3.0,0.05,16,,0.2,12.0,steady,jsq,7,13463,25.99125429679266,13.978445840326259,170.96903157299138,285.3020436419485,1.713882492757929,10.0,4.723830241445838,load,
200/200/150/150/100/100/50/50,0.5,30.0,3.0,0.05,16,,0.2,12.0,steady,jsq,8,13464,25.645730173077865,13.253120727865664,182.16945237683234,337.98605316641454,1.6495840760546643,10.0,4.410905427299205,load,
200/200/150/150/100/100/50/50,0.5,30.0,3.0,0.05,16,,0.2,12.0,steady,jsq,9,13507,25.123825266141047,13.712389000946956,164.840369437688,280.4491653542451,1.7059302583845413,10.0,4.536754707897842,load,
200/200/150/150/100/100/50/50,0.5,30.0,3.0,0.05,16,,0.2,12.0,steady,p2c,0,13652,20.754336566100143,10.89800601990909,141.19226114870645,256.0865541248194,1.059112217990038,6.0,2.0011620111319384,load,
200/200/150/150/100/100/50/50,0.5,30.0,3.0,0.05,16,,0.2,12.0,steady,p2c,1,13565,20.50620728871395,10.73407229267076,144.82125996875493,211.87306942225058,1.0324364172502765,6.0,1.8919120403679766,load,
200/200/150/150/100/100/50/50,0.5,30.0,3.0,0.05,16,,0.2,12.0,steady,p2c,2,13630,21.063057106128664,10.965738480673615,141.67654349117316,225.20289754838956,1.0525311812179017,6.0,1.9036265196010378,load,
200/200/150/150/100/100/50/50,0.5,30.0,3.0,0.05,16,,0.2,12.0,steady,p2c,3,13704,21.184318541431708,11.160960717669255,146.89882726879927,244.0622644030424,1.0641418563922942,6.0,1.9150524588206603,load,
200/200/150/150/100/100/50/50,0.5,30.0,3.0,0.05,16,,0.2,12.0,steady,p2c,4,13594,20.718785364852096,10.85130576650073,152.36605888460664,256.659970249836,1.0351625717228188,6.0,1.905822234829793,load,
200/200/150/150/100/100/50/50,0.5,30.0,3.0,0.05,16,,0.2,12.0,steady,p2c,5,13602,19.90689846148617,10.590582635067847,137.73044199037403,238.55141336873686,0.9923540655785914,5.0,1.9327918884752333,load,
200/200/150/150/100/100/50/50,0.5,30.0,3.0,0.05,16,,0.2,12.0,steady,p2c,6,13667,20.300346454710755,10.79738574003386,135.9332512144141,251.052478368199,1.0243652593839174,6.0,1.8882593987865164,load,
200/200/150/150/100/100/50/50,0.5,30.0,3.0,0.05,16,,0.2,12.0,steady,p2c,7,13463,20.559386375293194,10.574755527006374,148.69641284122534,258.90334915674634,1.0134442546237836,6.0,1.8930397405023704,load,
200/200/150/150/100/100/50/50,0.5,30.0,3.0,0.05,16,,0.2,12.0,steady,p2c,8,13464,19.8916241854909,10.443574358465213,133.28432209105566,228.16402213242128,0.9891562685680333,6.0,1.861635225902761,load,
200/200/150/150/100/100/50/50,0.5,30.0,3.0,0.05,16,,0.2,12.0,steady,p2c,9,13507,20.116184171186102,10.63388320462444,135.06023753678187,259.08862503168183,1.0050344265936182,5.940000000000509,1.8158380190035097,load,
200/200/150/150/100/100/50/50,0.5,30.0,3.0,0.05,16,,0.2,12.0,steady,p2c_learned,0,13652,14.005106958172165,9.45967498332001,72.45819404830162,125.76887931859378,0.9819806621740405,6.0,1.239707317237881,load,
200/200/150/150/100/100/50/50,0.5,30.0,3.0,0.05,16,,0.2,12.0,steady,p2c_learned,1,13565,13.523903162207107,9.023546631976131,65.5984226516115,114.03620786281867,0.9273866568374494,5.0,1.2240332692388427,load,
200/200/150/150/100/100/50/50,0.5,30.0,3.0,0.05,16,,0.2,12.0,steady,p2c_learned,2,13630,14.285869496525379,9.590224340186637,72.19051621634887,115.96573678551967,0.9710931768158474,6.0,1.2448996402553023,load,
200/200/150/150/100/100/50/50,0.5,30.0,3.0,0.05,16,,0.2,12.0,steady,p2c_learned,3,13704,14.121735895559036,9.585189932103333,66.63066640123833,118.24156109967316,0.9632224168126094,5.0,1.1524409498020871,load,
200/200/150/150/100/100/50/50,0.5,30.0,3.0,0.05,16,,0.2,12.0,steady,p2c_learned,4,13594,13.343872387622627,9.105608548893418,66.0035668671829,129.9791238925546,0.899661615418567,5.0,1.1085463356846772,load,
200/200/150/150/100/100/50/50,0.5,30.0,3.0,0.05,16,,0.2,12.0,steady,p2c_learned,5,13602,13.557398875445841,9.086629424643,66.82332935355355,120.35497165851275,0.9387590060285252,5.0,1.2082533497983703,load,
200/200/150/150/100/100/50/50,0.5,30.0,3.0,0.05,16,,0.2,12.0,steady,p2c_learned,6,13667,13.80947773778466,9.238276348360941,67.50887674581085,120.16735318011354,0.9368551986536914,6.0,1.1968451914257123,load,
200/200/150/150/100/100/50/50,0.5,30.0,3.0,0.05,16,,0.2,12.0,steady,p2c_learned,7,13463,13.72985055240646,9.202617320555717,68.55970001844162,105.85079846189322,0.9309217856347025,5.0,1.1793912313966846,load,
200/200/150/150/100/100/50/50,0.5,30.0,3.0,0.05,16,,0.2,12.0,steady,p2c_learned,8,13464,13.073409487651164,8.939280900054136,64.1769879244734,99.78093407209565,0.9018122400475341,5.0,1.17633147702794,load,
200/200/150/150/100/100/50/50,0.5,30.0,3.0,0.05,16,,0.2,12.0,steady,p2c_learned,9,13507,13.86638615430469,9.248379880823165,71.12020435727395,118.09842248008094,0.9490634485822166,6.0,1.1659341585123222,load,
200/200/150/150/100/100/50/50,0.5,30.0,3.0,0.05,16,,0.2,12.0,steady,ts,0,13652,16.23859172938486,11.411813079533317,77.6288376733268,125.64360986456884,1.7084676237913858,10.0,2.7872046645427453,load,
200/200/150/150/100/100/50/50,0.5,30.0,3.0,0.05,16,,0.2,12.0,steady,ts,1,13565,16.457901697404424,11.191698984852394,76.08804885516057,115.35183133090342,1.707261334316255,10.0,2.999421159303443,load,
200/200/150/150/100/100/50/50,0.5,30.0,3.0,0.05,16,,0.2,12.0,steady,ts,2,13630,16.854916053371312,11.841445070654988,77.72045760375401,104.31160236292075,1.770432868672047,10.0,2.9987098018372915,load,
200/200/150/150/100/100/50/50,0.5,30.0,3.0,0.05,16,,0.2,12.0,steady,ts,3,13704,17.11101367363514,11.618604686231215,80.84521306753389,105.85857060829275,1.754816112084063,10.0,2.9985915222379256,load,
200/200/150/150/100/100/50/50,0.5,30.0,3.0,0.05,16,,0.2,12.0,steady,ts,4,13594,16.41325825106658,11.33869394392395,73.61475571031448,225.45971681728602,1.7277475356775047,10.0,2.8958163610150454,load,
200/200/150/150/100/100/50/50,0.5,30.0,3.0,0.05,16,,0.2,12.0,steady,ts,5,13602,15.969070047870298,11.034237099286415,72.28696418047782,104.79467828325207,1.6488016468166447,9.0,2.8209607974967854,load,
200/200/150/150/100/100/50/50,0.5,30.0,3.0,0.05,16,,0.2,12.0,steady,ts,6,13667,16.330844793867968,11.374871651860019,69.21150016568261,98.4817724511899,1.6776176190824614,9.0,2.9717152117982764,load,
200/200/150/150/100/100/50/50,0.5,30.0,3.0,0.05,16,,0.2,12.0,steady,ts,7,13463,16.834374539949206,11.64563487561665,74.62679856483632,113.33578571092097,1.753175369531308,10.0,3.498241365533798,load,
200/200/150/150/100/100/50/50,0.5,30.0,3.0,0.05,16,,0.2,12.0,steady,ts,8,13464,15.83633894926957,10.995450398353146,69.42840572909478,94.90990188401486,1.666592394533571,10.0,2.7676263902356313,load,
200/200/150/150/100/100/50/50,0.5,30.0,3.0,0.05,16,,0.2,12.0,steady,ts,9,13507,17.358856652821295,12.282853255937809,78.50325307293544,123.40898003209108,1.8428222403198342,10.0,3.3779695847774036,load,
200/200/150/150/100/100/50/50,0.5,30.0,3.0,0.05,16,,0.2,12.0,steady,ts+lc,0,13652,14.756938332076183,10.42179345468508,66.73009105580257,100.0812698656988,1.414591268678582,8.0,2.4924298300825427,load,
200/200/150/150/100/100/50/50,0.5,30.0,3.0,0.05,16,,0.2,12.0,steady,ts+lc,1,13565,15.10526315787288,10.667781007029475,68.96701859877075,93.19949378440141,1.4877994839660893,9.0,2.646933013158616,load,
200/200/150/150/100/100/50/50,0.5,30.0,3.0,0.05,16,,0.2,12.0,steady,ts+lc,2,13630,15.570971959788922,10.89418953376553,70.7722098720299,107.7807532530574,1.5254585473220836,8.0,2.6557332618980443,load,
200/200/150/150/100/100/50/50,0.5,30.0,3.0,0.05,16,,0.2,12.0,steady,ts+lc,3,13704,15.635383604625888,11.123749044354092,71.16144928654815,121.73954026498502,1.5761821366024518,9.0,2.5225435479605407,load,
200/200/150/150/100/100/50/50,0.5,30.0,3.0,0.05,16,,0.2,12.0,steady,ts+lc,4,13594,15.495331344357275,10.814109978076303,69.01460052100376,114.86966351147959,1.5648815653964985,9.0,2.9462810972417524,load,
200/200/150/150/100/100/50/50,0.5,30.0,3.0,0.05,16,,0.2,12.0,steady,ts+lc,5,13602,15.263590127278283,10.540998101826737,69.8346386332467,113.64483595253816,1.5062490810174973,9.0,2.6971319307086903,load,
200/200/150/150/100/100/50/50,0.5,30.0,3.0,0.05,16,,0.2,12.0,steady,ts+lc,6,13667,15.64808520324382,10.753835693343206,73.27886811097959,145.68537400850667,1.5025974976220091,8.0,2.6272296017945647,load,
200/200/150/150/100/100/50/50,0.5,30.0,3.0,0.05,16,,0.2,12.0,steady,ts+lc,7,13463,14.94122229890914,10.772973734814784,64.57186980812558,89.08923113018523,1.4648295327935823,8.0,2.540396718939678,load,
200/200/150/150/100/100/50/50,0.5,30.0,3.0,0.05,16,,0.2,12.0,steady,ts+lc,8,13464,15.006554933042867,10.630739510971932,67.42490733480773,93.63082249841352,1.5472370766488412,9.0,2.6241234238486415,load,
200/200/150/150/100/100/50/50,0.5,30.0,3.0,0.05,16,,0.2,12.0,steady,ts+lc,9,13507,14.736452328940482,10.31551749930415,66.53347573849385,92.61733797347718,1.4206707633079143,8.0,2.347346700196576,load,
200/200/150/150/100/100/50/50,0.5,30.0,3.0,0.05,16,,0.2,12.0,steady,wrandom,0,13652,15.824902702047924,9.604690539311456,104.30287544801514,203.82173082992747,0.969308526223264,6.0,0.9866758008240811,load,
200/200/150/150/100/100/50/50,0.5,30.0,3.0,0.05,16,,0.2,12.0,steady,wrandom,1,13565,16.190520947575447,9.747122699337751,97.2985034621779,155.07839616612839,1.046516771102101,6.0,1.0023117541647453,load,
200/200/150/150/100/100/50/50,0.5,30.0,3.0,0.05,16,,0.2,12.0,steady,wrandom,2,13630,17.41448190539784,9.867347922378755,127.51489532606679,216.36010990204667,1.077916360968452,7.0,1.0318355149548284,load,
200/200/150/150/100/100/50/50,0.5,30.0,3.0,0.05,16,,0.2,12.0,steady,wrandom,3,13704,16.373036899433558,9.892683872965158,93.58786125478883,187.70723547835212,1.0337127845884413,6.0,0.9881097912296934,load,
200/200/150/150/100/100/50/50,0.5,30.0,3.0,0.05,16,,0.2,12.0,steady,wrandom,4,13594,15.4900297261328,9.521857635673925,94.98347660794136,161.7792671645738,0.9949242312785053,6.0,1.0177288972849294,load,
200/200/150/150/100/100/50/50,0.5,30.0,3.0,0.05,16,,0.2,12.0,steady,wrandom,5,13602,15.659019908079607,9.579412456329983,95.68442890299937,156.07503768726966,0.9970592559917659,6.0,1.0262455046372931,load,
200/200/150/150/100/100/50/50,0.5,30.0,3.0,0.05,16,,0.2,12.0,steady,wrandom,6,13667,16.30466250372057,9.859972588166954,103.20383938151708,204.27710500763823,1.0242189214897197,6.0,0.9938385548932998,load,
200/200/150/150/100/100/50/50,0.5,30.0,3.0,0.05,16,,0.2,12.0,steady,wrandom,7,13463,15.89129551590003,9.531748460045009,100.33834729396315,143.32841050447743,0.9618212879744484,6.0,0.9971578851870208,load,
200/200/150/150/100/100/50/50,0.5,30.0,3.0,0.05,16,,0.2,12.0,steady,wrandom,8,13464,15.612152268220285,9.311015971048775,100.18706934277664,180.95814067519558,0.9599673202614379,6.0,1.0090603143155032,load,
200/200/150/150/100/100/50/50,0.5,30.0,3.0,0.05,16,,0.2,12.0,steady,wrandom,9,13507,15.64719837488008,9.557899959919958,95.87132344512288,187.70515731997597,0.9609091582142593,6.0,0.973523951444059,load,
200/200/150/150/100/100/50/50,0.7,30.0,3.0,0.05,16,,0.2,12.0,steady,greedy,0,19073,28.492161405926137,21.986858340566684,124.5400755498283,197.13260604333968,3.597493839458921,15.0,4.7872413895963,load,
200/200/150/150/100/100/50/50,0.7,30.0,3.0,0.05,16,,0.2,12.0,steady,greedy,1,18952,28.769469623537905,21.553807480325204,120.98038821206978,197.15307631787647,3.5855318699873364,16.0,4.595168792945493,load,
200/200/150/150/100/100/50/50,0.7,30.0,3.0,0.05,16,,0.2,12.0,steady,greedy,2,19025,32.19908726809878,20.54872623812365,137.13333572973866,1606.4847086621612,3.6512483574244414,18.0,4.685226138813805,load,
200/200/150/150/100/100/50/50,0.7,30.0,3.0,0.05,16,,0.2,12.0,steady,greedy,3,18955,58.00990941524689,21.445364204563333,160.7262828106096,6723.709615177175,5.152149828541282,19.0,5.383882971940192,load,
200/200/150/150/100/100/50/50,0.7,30.0,3.0,0.05,16,,0.2,12.0,steady,greedy,4,18966,34.8277948982238,21.43913615155535,140.38068153725558,1590.8792430678147,3.8290625329537065,18.0,4.9314504204171765,load,
200/200/150/150/100/100/50/50,0.7,30.0,3.0,0.05,16,,0.2,12.0,steady,greedy,5,19044,28.110262674092496,20.756609861490638,116.453620492968,262.80609555508056,3.5416929216551143,16.0,4.8396650749848344,load,
200/200/150/150/100/100/50/50,0.7,30.0,3.0,0.05,16,,0.2,12.0,steady,greedy,6,19008,29.462258714203816,21.713828168820726,127.69412437182568,169.26009118288394,3.679503367003367,17.0,5.1091511254830415,load,
200/200/150/150/100/100/50/50,0.7,30.0,3.0,0.05,16,,0.2,12.0,steady,greedy,7,18819,27.423080490238327,19.643538072791955,122.410099795881,397.4121179053236,3.3053828577501463,15.0,4.517763580968787,load,
200/200/150/150/100/100/50/50,0.7,30.0,3.0,0.05,16,,0.2,12.0,steady,greedy,8,19009,27.03269345448167,19.960254229728136,115.14041955900102,167.97951548384535,3.3495712557209742,17.0,4.888846963636846,load,
200/200/150/150/100/100/50/50,0.7,30.0,3.0,0.05,16,,0.2,12.0,steady,greedy,9,18969,28.731436871102787,21.870336134787394,120.6107022599734,176.37706245968334,3.5956560704307026,16.0,5.187324422372137,load,
200/200/150/150/100/100/50/50,0.7,30.0,3.0,0.05,16,,0.2,12.0,steady,greedy+lc,0,19073,24.661703276102923,18.40379574903217,104.46719890849629,158.67955053620597,2.8012897813663296,14.0,4.352537355850535,load,
200/200/150/150/100/100/50/50,0.7,30.0,3.0,0.05,16,,0.2,12.0,steady,greedy+lc,1,18952,24.42331537770009,17.86047585071948,102.80620864028312,158.98995234787853,2.8341599831152386,13.0,4.027396277559804,load,
200/200/150/150/100/100/50/50,0.7,30.0,3.0,0.05,16,,0.2,12.0,steady,greedy+lc,2,19025,26.933211812891034,18.14567291676994,113.21041731274376,1191.7307673146267,3.0408935611038106,15.0,4.502939350998299,load,
200/200/150/150/100/100/50/50,0.7,30.0,3.0,0.05,16,,0.2,12.0,steady,greedy+lc,3,18955,26.64650820213419,18.045434337675914,97.75582872037234,185.89943752958632,2.993827486151411,13.0,3.842556908107711,load,
200/200/150/150/100/100/50/50,0.7,30.0,3.0,0.05,16,,0.2,12.0,steady,greedy+lc,4,18966,24.100306836012678,17.5053849837834,95.34224422839004,391.909632306745,2.6957713803648633,13.0,3.604622495930898,load,
200/200/150/150/100/100/50/50,0.7,30.0,3.0,0.05,16,,0.2,12.0,steady,greedy+lc,5,19044,23.195301478308625,17.41866974366424,93.89332961071364,133.58799122439007,2.7206994328922494,13.0,3.8835205631719774,load,
200/200/150/150/100/100/50/50,0.7,30.0,3.0,0.05,16,,0.2,12.0,steady,greedy+lc,6,19008,23.80260514618469,18.02645152806548,96.99243439763735,143.10044864399657,2.770675505050505,14.0,3.3822947820390037,load,
200/200/150/150/100/100/50/50,0.7,30.0,3.0,0.05,16,,0.2,12.0,steady,greedy+lc,7,18819,23.196300590542666,17.021639052451576,97.85040976102137,160.5039956180546,2.658430309793294,14.0,3.7071511603673315,load,
200/200/150/150/100/100/50/50,0.7,30.0,3.0,0.05,16,,0.2,12.0,steady,greedy+lc,8,19009,22.19785128353802,16.933533771146703,90.5365251592172,124.29075070690848,2.5853543058551214,12.0,3.4220925215406837,load,
200/200/150/150/100/100/50/50,0.7,30.0,3.0,0.05,16,,0.2,12.0,steady,greedy+lc,9,18969,23.521543591565052,17.45260168765128,99.67968658950674,161.28163049948725,2.7171701196689337,13.0,3.5207177421797176,load,
200/200/150/150/100/100/50/50,0.7,30.0,3.0,0.05,16,,0.2,12.0,steady,jsq,0,19073,60.23558682549615,30.719415194615962,445.825724948886,882.0243657122296,5.499816494521051,31.0,12.203971247572502,load,
200/200/150/150/100/100/50/50,0.7,30.0,3.0,0.05,16,,0.2,12.0,steady,jsq,1,18952,56.61516911847595,30.243165821710605,398.2082411771313,624.8805614987825,5.316219924018573,30.0,11.776135534535467,load,
200/200/150/150/100/100/50/50,0.7,30.0,3.0,0.05,16,,0.2,12.0,steady,jsq,2,19025,55.93150227877922,29.32802748475538,366.2357175038061,618.5864920395092,5.32604467805519,30.0,11.881806769959006,load,
200/200/150/150/100/100/50/50,0.7,30.0,3.0,0.05,16,,0.2,12.0,steady,jsq,3,18955,55.264918855535875,29.00264427246313,386.0572888099274,646.5872342082658,5.20131891321551,29.0,11.595940406051932,load,
200/200/150/150/100/100/50/50,0.7,30.0,3.0,0.05,16,,0.2,12.0,steady,jsq,4,18966,58.18090233929182,30.881658506331178,403.1106913463471,705.0376524004903,5.479015079616155,30.0,12.200466079766205,load,
200/200/150/150/100/100/50/50,0.7,30.0,3.0,0.05,16,,0.2,12.0,steady,jsq,5,19044,55.837569165191915,28.83658396434363,405.8292344258907,694.9652617235888,5.244591472379752,30.0,11.7178180830588,load,
200/200/150/150/100/100/50/50,0.7,30.0,3.0,0.05,16,,0.2,12.0,steady,jsq,6,19008,58.127411519189394,30.591957701290085,410.71112213811165,707.5002943756273,5.354955808080808,30.0,11.906023746524395,load,
200/200/150/150/100/100/50/50,0.7,30.0,3.0,0.05,16,,0.2,12.0,steady,jsq,7,18819,52.978161181841074,27.837202414117357,369.14503845033084,934.3252219854236,4.877942504915246,29.0,11.161955893583176,load,
200/200/150/150/100/100/50/50,0.7,30.0,3.0,0.05,16,,0.2,12.0,steady,jsq,8,19009,54.69145514882019,28.654386754867645,366.2702130904263,726.1832055681762,5.152927560629176,28.0,11.5941162250611,load,
200/200/150/150/100/100/50/50,0.7,30.0,3.0,0.05,16,,0.2,12.0,steady,jsq,9,18969,59.60514063419367,31.266675599979976,426.26000932967634,834.0061320835035,5.519268279824978,29.0,12.244810391707356,load,
200/200/150/150/100/100/50/50,0.7,30.0,3.0,0.05,16,,0.2,12.0,steady,p2c,0,19073,30.90190097712421,17.128160967132544,203.60065022816016,331.8895619832764,2.1033397997168772,9.0,2.354933863134037,load,
200/200/150/150/100/100/50/50,0.7,30.0,3.0,0.05,16,,0.2,12.0,steady,p2c,1,18952,30.841198700642483,16.45379098319877,200.1551565388865,307.407326743726,2.088011819333052,9.0,2.3522188999149574,load,
200/200/150/150/100/100/50/50,0.7,30.0,3.0,0.05,16,,0.2,12.0,steady,p2c,2,19025,30.40767764168872,16.440745330029927,199.63320356014637,292.42364867515965,2.06365308804205,8.0,2.291834355890021,load,
200/200/150/150/100/100/50/50,0.7,30.0,3.0,0.05,16,,0.2,12.0,steady,p2c,3,18955,29.569786243469185,16.343585298907115,193.04382341940547,327.92733083946183,2.018148245845423,8.0,2.308197168126097,load,
200/200/150/150/100/100/50/50,0.7,30.0,3.0,0.05,16,,0.2,12.0,steady,p2c,4,18966,29.72802001613105,16.09079024511928,188.91217831532987,296.05372219887374,2.0093852156490564,8.0,2.317751975542442,load,
200/200/150/150/100/100/50/50,0.7,30.0,3.0,0.05,16,,0.2,12.0,steady,p2c,5,19044,29.825278609148878,16.451067005618825,192.8469245416666,274.0329535798432,2.031400966183575,8.0,2.307579257586236,load,
200/200/150/150/100/100/50/50,0.7,30.0,3.0,0.05,16,,0.2,12.0,steady,p2c,6,19008,30.015675236910273,16.030610745617846,185.69330768328206,277.7261645388736,2.0550820707070705,9.0,2.3776650812285283,load,
200/200/150/150/100/100/50/50,0.7,30.0,3.0,0.05,16,,0.2,12.0,steady,p2c,7,18819,29.192727919931045,16.033800722709657,177.9391157507544,264.6631506005866,1.978000956480153,8.0,2.277481320262384,load,
200/200/150/150/100/100/50/50,0.7,30.0,3.0,0.05,16,,0.2,12.0,steady,p2c,8,19009,28.970311673510807,15.687468641264246,189.03772889937323,279.2430423656317,1.94449997369667,8.0,2.2629650450921552,load,
200/200/150/150/100/100/50/50,0.7,30.0,3.0,0.05,16,,0.2,12.0,steady,p2c,9,18969,29.92178746354279,16.675042126014006,186.16125944172995,274.41487469547025,2.0325794717697296,8.0,2.352012414693369,load,
200/200/150/150/100/100/50/50,0.7,30.0,3.0,0.05,16,,0.2,12.0,steady,p2c_learned,0,19073,20.929917349554024,15.016921572428288,92.51414190600012,156.737922532687,1.914067005714885,8.0,1.5243929215208682,load,
200/200/150/150/100/100/50/50,0.7,30.0,3.0,0.05,16,,0.2,12.0,steady,p2c_learned,1,18952,20.58170470181028,14.918331825439779,94.81419191661604,151.70311596624728,1.877110595187843,8.0,1.4988140686344562,load,
200/200/150/150/100/100/50/50,0.7,30.0,3.0,0.05,16,,0.2,12.0,steady,p2c_learned,2,19025,20.627312892790567,14.434114663572473,94.88069077322606,150.98763411651595,1.8587122207621551,8.0,1.5232544458393096,load,
200/200/150/150/100/100/50/50,0.7,30.0,3.0,0.05,16,,0.2,12.0,steady,p2c_learned,3,18955,20.353411242191882,14.450195757431672,94.91489900315283,143.76306781536206,1.8399894486942758,8.0,1.5286745900016272,load,
200/200/150/150/100/100/50/50,0.7,30.0,3.0,0.05,16,,0.2,12.0,steady,p2c_learned,4,18966,20.34684849586554,14.751902596993993,89.44203910622616,146.68838624675465,1.8573763576927134,8.0,1.493330257871439,load,
200/200/150/150/100/100/50/50,0.7,30.0,3.0,0.05,16,,0.2,12.0,steady,p2c_learned,5,19044,20.74952816987087,14.809656631930679,92.02651322062235,152.33779269245744,1.8680424280613317,8.0,1.5767744144781446,load,
200/200/150/150/100/100/50/50,0.7,30.0,3.0,0.05,16,,0.2,12.0,steady,p2c_learned,6,19008,20.646448319219296,14.944538147346975,94.26364130377941,150.81795248905115,1.8819444444444444,8.0,1.581295878113098,load,
200/200/150/150/100/100/50/50,0.7,30.0,3.0,0.05,16,,0.2,12.0,steady,p2c_learned,7,18819,20.098909750327675,14.59952049354385,89.95429195079758,160.3804532679753,1.8315000797066794,8.0,1.4911301786287094,load,
200/200/150/150/100/100/50/50,0.7,30.0,3.0,0.05,16,,0.2,12.0,steady,p2c_learned,8,19009,19.982058219285378,13.952161366965754,93.63760535409894,155.38028300895854,1.8066705244884003,8.0,1.4756281974819814,load,
200/200/150/150/100/100/50/50,0.7,30.0,3.0,0.05,16,,0.2,12.0,steady,p2c_learned,9,18969,20.659158962001637,15.049361653927562,92.22817100213872,137.29468159731806,1.9094838947756867,8.0,1.437562228810903,load,
200/200/150/150/100/100/50/50,0.7,30.0,3.0,0.05,16,,0.2,12.0,steady,ts,0,19073,27.701739041999225,20.467046003297185,122.90607817209873,174.80597967664693,3.4402034289309493,16.0,4.393645584834092,load,
200/200/150/150/100/100/50/50,0.7,30.0,3.0,0.05,16,,0.2,12.0,steady,ts,1,18952,29.310754230201088,22.530477059451215,123.3314990254645,189.57615748144937,3.668900379907134,16.0,5.040251558144767,load,
200/200/150/150/100/100/50/50,0.7,30.0,3.0,0.05,16,,0.2,12.0,steady,ts,2,19025,25.872985650412296,19.159272851538844,109.33534777526451,162.14250923870506,3.1303022339027597,15.0,4.334425055343306,load,
200/200/150/150/100/100/50/50,0.7,30.0,3.0,0.05,16,,0.2,12.0,steady,ts,3,18955,25.71988490089097,19.4578900909832,103.09675759485697,148.95653810182688,3.1365338960696385,14.0,3.8929167559365903,load,
200/200/150/150/100/100/50/50,0.7,30.0,3.0,0.05,16,,0.2,12.0,steady,ts,4,18966,26.898390992277804,20.073528140471808,122.19820717638758,272.6204228366925,3.2051565960139197,15.0,4.256694560529505,load,
200/200/150/150/100/100/50/50,0.7,30.0,3.0,0.05,16,,0.2,12.0,steady,ts,5,19044,28.77972481895103,20.78090723230197,125.29790089051998,543.6976161800978,3.542690611216131,17.0,4.586652520190312,load,
200/200/150/150/100/100/50/50,0.7,30.0,3.0,0.05,16,,0.2,12.0,steady,ts,6,19008,27.053464559455378,20.825285140888106,110.27578193884668,151.4408229759622,3.375841750841751,15.0,4.532389590733555,load,
200/200/150/150/100/100/50/50,0.7,30.0,3.0,0.05,16,,0.2,12.0,steady,ts,7,18819,26.714508489227786,19.868704083167543,111.80844321672409,161.9734734106707,3.3163823795100695,15.0,4.667959644941228,load,
200/200/150/150/100/100/50/50,0.7,30.0,3.0,0.05,16,,0.2,12.0,steady,ts,8,19009,26.307125915362608,19.80449482167934,109.97486230743733,190.0148722197299,3.283918144037035,15.0,4.499942878556217,load,
200/200/150/150/100/100/50/50,0.7,30.0,3.0,0.05,16,,0.2,12.0,steady,ts,9,18969,29.03943862608465,22.866613619505927,113.1655301691278,187.84157060622516,3.741894670251463,16.0,5.301171579120766,load,
200/200/150/150/100/100/50/50,0.7,30.0,3.0,0.05,16,,0.2,12.0,steady,ts+lc,0,19073,24.886972453355998,18.180797574859575,105.0549546079624,169.3538869115946,2.8617941592827556,14.0,4.269200152040156,load,
200/200/150/150/100/100/50/50,0.7,30.0,3.0,0.05,16,,0.2,12.0,steady,ts+lc,1,18952,25.466535902013447,18.726723484806307,106.66790699546114,163.38833178242035,2.9600569860700716,15.0,4.478259785268978,load,
200/200/150/150/100/100/50/50,0.7,30.0,3.0,0.05,16,,0.2,12.0,steady,ts+lc,2,19025,23.50761335103314,17.284710695793848,98.33141139666085,137.03812265795347,2.7272536136662286,13.0,3.6886239416685007,load,
200/200/150/150/100/100/50/50,0.7,30.0,3.0,0.05,16,,0.2,12.0,steady,ts+lc,3,18955,22.774913351309852,17.061589632317187,94.21165904378547,154.9340858458838,2.6260089686098653,14.0,3.464621737942159,load,
200/200/150/150/100/100/50/50,0.7,30.0,3.0,0.05,16,,0.2,12.0,steady,ts+lc,4,18966,23.70733487606401,17.585470452553764,95.50516294509002,158.62803450875177,2.7666877570389117,13.0,4.013264796514509,load,
200/200/150/150/100/100/50/50,0.7,30.0,3.0,0.05,16,,0.2,12.0,steady,ts+lc,5,19044,24.182569858867833,18.535205289358814,97.35382391973265,140.58490008326413,2.880802352446965,14.0,4.078729458147623,load,
200/200/150/150/100/100/50/50,0.7,30.0,3.0,0.05,16,,0.2,12.0,steady,ts+lc,6,19008,23.0115841380659,17.551757266906165,92.96986685156462,127.22649876414906,2.673821548821549,13.0,3.641224415181963,load,
200/200/150/150/100/100/50/50,0.7,30.0,3.0,0.05,16,,0.2,12.0,steady,ts+lc,7,18819,23.261694232976605,17.405226845639277,96.15281968656689,132.4207021556307,2.727721983102184,13.0,4.060564133917995,load,
200/200/150/150/100/100/50/50,0.7,30.0,3.0,0.05,16,,0.2,12.0,steady,ts+lc,8,19009,23.60729845792431,17.78523650756192,98.96861479089087,130.86845174647655,2.7741070019464464,14.0,4.380432024329977,load,
200/200/150/150/100/100/50/50,0.7,30.0,3.0,0.05,16,,0.2,12.0,steady,ts+lc,9,18969,25.22931143454223,19.01966834532942,103.45897880913967,179.44255665026552,2.9458590331593655,15.0,4.471742751074196,load,
200/200/150/150/100/100/50/50,0.7,30.0,3.0,0.05,16,,0.2,12.0,steady,wrandom,0,19073,30.083383527530692,17.42219910109455,186.26450536280987,327.3258687779005,2.7611807266816966,15.0,1.0238423634013676,load,
200/200/150/150/100/100/50/50,0.7,30.0,3.0,0.05,16,,0.2,12.0,steady,wrandom,1,18952,27.771244155554218,16.75194325466478,174.0336980723927,449.6489041472524,2.4400063317855634,12.0,1.0033223508433795,load,
200/200/150/150/100/100/50/50,0.7,30.0,3.0,0.05,16,,0.2,12.0,steady,wrandom,2,19025,28.52363080969205,16.094656255469353,217.28849974288607,376.2679152987415,2.4250197109067018,13.0,1.0390449674343898,load,
200/200/150/150/100/100/50/50,0.7,30.0,3.0,0.05,16,,0.2,12.0,steady,wrandom,3,18955,26.064641355712425,15.60886468340783,171.848787905014,260.4753603162113,2.227486151411237,12.0,0.9578690339462667,load,
200/200/150/150/100/100/50/50,0.7,30.0,3.0,0.05,16,,0.2,12.0,steady,wrandom,4,18966,25.42728091639962,16.152201311609105,145.8878225722974,264.4495611113379,2.2712221870716016,11.0,0.9890904167491413,load,
200/200/150/150/100/100/50/50,0.7,30.0,3.0,0.05,16,,0.2,12.0,steady,wrandom,5,19044,25.683133092007846,16.569304319150824,151.9838254223711,231.38548834092836,2.299674438143247,12.0,0.9591514554995156,load,
200/200/150/150/100/100/50/50,0.7,30.0,3.0,0.05,16,,0.2,12.0,steady,wrandom,6,19008,28.463703955307928,16.395985667298163,206.67610604319765,330.27618425643095,2.434553872053872,12.0,1.0262537773748068,load,
200/200/150/150/100/100/50/50,0.7,30.0,3.0,0.05,16,,0.2,12.0,steady,wrandom,7,18819,30.961934227136865,15.971994047561111,292.9326572216278,577.8359239288197,2.5550241776927574,18.0,1.0350343756484621,load,
200/200/150/150/100/100/50/50,0.7,30.0,3.0,0.05,16,,0.2,12.0,steady,wrandom,8,19009,24.65972608138357,16.04433170628461,135.37832252323201,221.5674880248086,2.2369403966542163,11.0,0.984816308554417,load,
200/200/150/150/100/100/50/50,0.7,30.0,3.0,0.05,16,,0.2,12.0,steady,wrandom,9,18969,27.26831209926304,16.42588610968332,168.90594309749216,259.91510947393004,2.3354420370077493,12.0,0.9725939365660881,load,
200/200/150/150/100/100/50/50,0.8,30.0,3.0,0.05,16,,0.2,12.0,steady,greedy,0,21844,41.4128566861015,28.70067155068945,155.36838849592095,1885.2343963247051,4.830617103094672,21.0,5.567755658057815,load,
200/200/150/150/100/100/50/50,0.8,30.0,3.0,0.05,16,,0.2,12.0,steady,greedy,1,21726,56.174464685173994,29.303988775561507,226.91063529102152,2365.660254653552,5.725352112676056,28.0,6.313440963923647,load,
200/200/150/150/100/100/50/50,0.8,30.0,3.0,0.05,16,,0.2,12.0,steady,greedy,2,21748,83.21804252023134,27.875879813350046,3831.13545812516,4926.935603578124,6.890656612102262,183.5899999999965,5.5142711273038625,load,
200/200/150/150/100/100/50/50,0.8,30.0,3.0,0.05,16,,0.2,12.0,steady,greedy,3,21559,45.47570257925972,33.43406067553367,170.77769484237044,505.7506770461613,5.91655457117677,23.0,6.8722566778432945,load,
200/200/150/150/100/100/50/50,0.8,30.0,3.0,0.05,16,,0.2,12.0,steady,greedy,4,21681,44.37260528226104,31.270957514716535,200.80247801190492,1286.75916739488,5.597989022646557,24.0,7.11352079474392,load,
200/200/150/150/100/100/50/50,0.8,30.0,3.0,0.05,16,,0.2,12.0,steady,greedy,5,21783,38.56718931659851,29.305541855817907,148.95729511510214,1205.2466885932542,4.865445530918606,21.0,5.758223860195801,load,
200/200/150/150/100/100/50/50,0.8,30.0,3.0,0.05,16,,0.2,12.0,steady,greedy,6,21697,64.57595907742298,28.462021762749146,292.3843316169825,5183.286825604422,6.039590726828594,40.04000000000087,5.792388493078063,load,
200/200/150/150/100/100/50/50,0.8,30.0,3.0,0.05,16,,0.2,12.0,steady,greedy,7,21502,44.43112800490903,27.707349667827508,188.62306020452687,2870.193035338804,5.021253836852386,21.0,5.855216487582926,load,
200/200/150/150/100/100/50/50,0.8,30.0,3.0,0.05,16,,0.2,12.0,steady,greedy,8,21717,37.8846803503039,30.200839226868226,145.97425804971027,294.26781310442027,5.025878344154349,20.0,6.300178720703224,load,
200/200/150/150/100/100/50/50,0.8,30.0,3.0,0.05,16,,0.2,12.0,steady,greedy,9,21673,42.50884256232707,31.377573640153145,180.5403009985502,1067.8534615551819,5.323490056752641,22.0,6.609055882023289,load,
200/200/150/150/100/100/50/50,0.8,30.0,3.0,0.05,16,,0.2,12.0,steady,greedy+lc,0,21844,32.16739061907107,24.79817755554503,122.48556849925743,203.15440290719167,3.9546786302874932,17.0,4.460851371817619,load,
200/200/150/150/100/100/50/50,0.8,30.0,3.0,0.05,16,,0.2,12.0,steady,greedy+lc,1,21726,47.987226838826246,25.51606087570324,147.84943401613847,3535.675587795982,4.9050906747675596,20.0,5.305786674474802,load,
200/200/150/150/100/100/50/50,0.8,30.0,3.0,0.05,16,,0.2,12.0,steady,greedy+lc,2,21748,80.86440038175954,26.127253681304197,4181.250554413613,4977.3818537376865,6.4334191649806876,188.52999999999884,5.039938576542216,load,
200/200/150/150/100/100/50/50,0.8,30.0,3.0,0.05,16,,0.2,12.0,steady,greedy+lc,3,21559,42.728778420556715,24.777254495404577,131.59693195304948,4612.659789106496,4.501507491071014,18.0,4.976311877108909,load,
200/200/150/150/100/100/50/50,0.8,30.0,3.0,0.05,16,,0.2,12.0,steady,greedy+lc,4,21681,44.531118134811535,26.62107994050089,169.5318742705923,2354.530933604185,4.877634795443015,20.0,5.9921812042109295,load,
200/200/150/150/100/100/50/50,0.8,30.0,3.0,0.05,16,,0.2,12.0,steady,greedy+lc,5,21783,30.437620743812303,23.86952013896604,116.65720675059235,192.5883388987232,3.7556351283110683,16.0,4.558068866653871,load,
200/200/150/150/100/100/50/50,0.8,30.0,3.0,0.05,16,,0.2,12.0,steady,greedy+lc,6,21697,46.4947779513946,24.99517190642564,173.55515606432996,2230.147991128336,4.676084251278978,21.0,4.8980425649951425,load,
200/200/150/150/100/100/50/50,0.8,30.0,3.0,0.05,16,,0.2,12.0,steady,greedy+lc,7,21502,31.59569199005494,23.015830557223893,125.53158285778845,645.1066776246091,3.7749511673332714,17.0,4.749081081642414,load,
200/200/150/150/100/100/50/50,0.8,30.0,3.0,0.05,16,,0.2,12.0,steady,greedy+lc,8,21717,30.41874360050697,24.064051582037393,116.10560703300237,178.80150376187098,3.718699636229682,15.0,4.527930977952846,load,
200/200/150/150/100/100/50/50,0.8,30.0,3.0,0.05,16,,0.2,12.0,steady,greedy+lc,9,21673,32.944517371289294,24.90539069517439,134.44758053202105,289.87406598763397,4.102523877635768,19.0,5.129363371618117,load,
200/200/150/150/100/100/50/50,0.8,30.0,3.0,0.05,16,,0.2,12.0,steady,jsq,0,21844,93.47062126951198,54.71077953511738,611.2394475952468,951.3106822586029,9.511078557040834,38.0,19.949571128677015,load,
200/200/150/150/100/100/50/50,0.8,30.0,3.0,0.05,16,,0.2,12.0,steady,jsq,1,21726,88.71509280075709,47.779598293436365,644.0820822989646,1053.0963021274279,8.942833471416735,39.0,18.801776048195755,load,
200/200/150/150/100/100/50/50,0.8,30.0,3.0,0.05,16,,0.2,12.0,steady,jsq,2,21748,91.52533087837492,51.00485872136318,612.2425984981759,959.636140023864,9.325225308074305,39.0,19.34110127849163,load,
200/200/150/150/100/100/50/50,0.8,30.0,3.0,0.05,16,,0.2,12.0,steady,jsq,3,21559,84.92890173988879,47.58452774372479,560.7817670356046,842.3751069593483,8.622245929774108,36.0,18.206696590050033,load,
200/200/150/150/100/100/50/50,0.8,30.0,3.0,0.05,16,,0.2,12.0,steady,jsq,4,21681,90.86010870653399,50.53798665224285,591.11343998028,979.2975469476613,9.275310179419769,37.0,19.504515292360825,load,
200/200/150/150/100/100/50/50,0.8,30.0,3.0,0.05,16,,0.2,12.0,steady,jsq,5,21783,88.2572143273517,49.52962645904435,589.9426226371229,890.6274934032579,9.246109351329018,39.0,19.519806426040862,load,
200/200/150/150/100/100/50/50,0.8,30.0,3.0,0.05,16,,0.2,12.0,steady,jsq,6,21697,88.6857864300712,49.24000066886336,606.8318368188335,1104.1660712370983,9.016546066276444,38.0,19.1981999055284,load,
200/200/150/150/100/100/50/50,0.8,30.0,3.0,0.05,16,,0.2,12.0,steady,jsq,7,21502,84.15692455515692,45.9385178083167,571.7210527488082,947.9258768890342,8.528927541624036,38.0,18.127312470872045,load,
200/200/150/150/100/100/50/50,0.8,30.0,3.0,0.05,16,,0.2,12.0,steady,jsq,8,21717,85.54957800829024,48.05607298471415,583.813325842414,922.4949303705985,8.662982916609108,37.0,18.0575091584084,load,
200/200/150/150/100/100/50/50,0.8,30.0,3.0,0.05,16,,0.2,12.0,steady,jsq,9,21673,90.88028681808774,51.74970221653297,613.04810818311,944.1870811002351,9.351081991417892,38.0,19.60379591744084,load,
200/200/150/150/100/100/50/50,0.8,30.0,3.0,0.05,16,,0.2,12.0,steady,p2c,0,21844,41.1965773317981,23.179094796364375,255.34625883346982,372.00971298881745,3.167368613806995,11.0,2.4946557974303794,load,
200/200/150/150/100/100/50/50,0.8,30.0,3.0,0.05,16,,0.2,12.0,steady,p2c,1,21726,37.607391938271306,21.706908667205482,228.975294706542,325.2028941633235,2.8966215594218907,10.0,2.4358589712291048,load,
200/200/150/150/100/100/50/50,0.8,30.0,3.0,0.05,16,,0.2,12.0,steady,p2c,2,21748,39.872384169339014,21.83509989571597,252.93877518350178,380.6400969123431,3.0488320765127828,11.0,2.356615763781274,load,
200/200/150/150/100/100/50/50,0.8,30.0,3.0,0.05,16,,0.2,12.0,steady,p2c,3,21559,38.72606804148313,21.68744566611025,242.90082551387,350.41669487415567,2.9366853750173942,11.0,2.4721138042632718,load,
200/200/150/150/100/100/50/50,0.8,30.0,3.0,0.05,16,,0.2,12.0,steady,p2c,4,21681,38.611007857961404,21.793960149079084,232.00772402277195,316.8682372919435,2.95687468290208,11.0,2.4688804156884983,load,
200/200/150/150/100/100/50/50,0.8,30.0,3.0,0.05,16,,0.2,12.0,steady,p2c,5,21783,39.028239026766144,21.50324570666129,250.48206638502288,357.7692370410824,2.9724555846302163,11.0,2.457167882985609,load,
200/200/150/150/100/100/50/50,0.8,30.0,3.0,0.05,16,,0.2,12.0,steady,p2c,6,21697,38.93211896512678,22.340453794281956,239.59793466634554,354.05839749412195,3.0147946720744803,11.0,2.507672447982438,load,
200/200/150/150/100/100/50/50,0.8,30.0,3.0,0.05,16,,0.2,12.0,steady,p2c,7,21502,37.053196182955226,20.98543031212241,230.8025018865254,338.31713872853715,2.806436610547856,10.0,2.4797736026241406,load,
200/200/150/150/100/100/50/50,0.8,30.0,3.0,0.05,16,,0.2,12.0,steady,p2c,8,21717,37.99838981349816,22.19137743445998,224.24284366442916,330.7291189305274,2.9262789519731087,10.0,2.5084817384194316,load,
200/200/150/150/100/100/50/50,0.8,30.0,3.0,0.05,16,,0.2,12.0,steady,p2c,9,21673,39.405042549825275,22.63125068491334,242.98158902498943,353.76974911080544,3.0220550915886126,10.0,2.3875557511682177,load,
200/200/150/150/100/100/50/50,0.8,30.0,3.0,0.05,16,,0.2,12.0,steady,p2c_learned,0,21844,27.94560801489302,20.880967986075305,118.4593155262374,201.9624096285816,2.795275590551181,10.0,1.7293349274108092,load,
200/200/150/150/100/100/50/50,0.8,30.0,3.0,0.05,16,,0.2,12.0,steady,p2c_learned,1,21726,27.394706085256097,20.604713810924657,116.23715535544665,190.97507530104835,2.7588143238516065,11.0,1.7917344657309164,load,
200/200/150/150/100/100/50/50,0.8,30.0,3.0,0.05,16,,0.2,12.0,steady,p2c_learned,2,21748,27.475475892692938,19.956118891658825,125.35646807223947,192.28897465535965,2.7494942063638037,11.0,1.7673451204578638,load,
200/200/150/150/100/100/50/50,0.8,30.0,3.0,0.05,16,,0.2,12.0,steady,p2c_learned,3,21559,26.76906723368971,20.222465076379592,121.37156111150422,206.13519339586028,2.656663110533884,10.0,1.6824436832830802,load,
200/200/150/150/100/100/50/50,0.8,30.0,3.0,0.05,16,,0.2,12.0,steady,p2c_learned,4,21681,27.512028706196773,21.00520976275888,122.38843854151686,206.02247853557438,2.7853881278538815,11.0,1.839995851217881,load,
200/200/150/150/100/100/50/50,0.8,30.0,3.0,0.05,16,,0.2,12.0,steady,p2c_learned,5,21783,27.300400378470286,20.891345040972453,115.26855911842965,177.023886853342,2.78726529862737,11.0,1.7857370440662863,load,
200/200/150/150/100/100/50/50,0.8,30.0,3.0,0.05,16,,0.2,12.0,steady,p2c_learned,6,21697,26.049238331241114,19.711566102719402,112.36516668086422,182.23894597485506,2.6468636216988526,10.0,1.7471804337608212,load,
200/200/150/150/100/100/50/50,0.8,30.0,3.0,0.05,16,,0.2,12.0,steady,p2c_learned,7,21502,25.453922675713514,19.03987497844639,111.78465444070112,179.12420034553213,2.550878988001116,10.0,1.698303567404717,load,
200/200/150/150/100/100/50/50,0.8,30.0,3.0,0.05,16,,0.2,12.0,steady,p2c_learned,8,21717,26.492965510453832,20.06920375465393,112.06501961160912,180.8334240318652,2.6748630105447346,10.0,1.7916104388700231,load,
200/200/150/150/100/100/50/50,0.8,30.0,3.0,0.05,16,,0.2,12.0,steady,p2c_learned,9,21673,28.07120986610852,20.857906067163867,123.13231970085579,195.27551025924754,2.8118857564711854,11.0,1.775139824053106,load,
200/200/150/150/100/100/50/50,0.8,30.0,3.0,0.05,16,,0.2,12.0,steady,ts,0,21844,36.04695167119102,29.21902555513256,133.9284977052253,190.41996970170663,4.610968687053653,19.0,5.651652970479711,load,
200/200/150/150/100/100/50/50,0.8,30.0,3.0,0.05,16,,0.2,12.0,steady,ts,1,21726,34.98802876368467,28.571691193345572,129.29520351377244,184.5159494133242,4.622249838902698,19.0,5.913394185235305,load,
200/200/150/150/100/100/50/50,0.8,30.0,3.0,0.05,16,,0.2,12.0,steady,ts,2,21748,37.41342499506904,28.65953944370503,160.37745127993577,227.2411566816548,4.9334651462203425,22.0,6.038659517008474,load,
200/200/150/150/100/100/50/50,0.8,30.0,3.0,0.05,16,,0.2,12.0,steady,ts,3,21559,33.988945221984146,27.330108661696606,124.72307956738544,181.81464391916532,4.353912519133541,18.0,4.991577392250272,load,
200/200/150/150/100/100/50/50,0.8,30.0,3.0,0.05,16,,0.2,12.0,steady,ts,4,21681,37.450563563248764,29.648974287834307,145.90917332773418,199.78826365820197,4.965407499654075,20.0,6.2914512426686295,load,
200/200/150/150/100/100/50/50,0.8,30.0,3.0,0.05,16,,0.2,12.0,steady,ts,5,21783,36.08730336998432,28.391975866718155,138.01881646033843,260.73705338987446,4.620300234127531,19.0,5.989480007482593,load,
200/200/150/150/100/100/50/50,0.8,30.0,3.0,0.05,16,,0.2,12.0,steady,ts,6,21697,35.34961166379898,27.960191099897003,138.52136641514525,210.7525757172915,4.6410563672397105,20.0,5.41352367765162,load,
200/200/150/150/100/100/50/50,0.8,30.0,3.0,0.05,16,,0.2,12.0,steady,ts,7,21502,34.532072479549484,25.920384410239805,152.9689316594152,285.5928277805403,4.336108268998233,20.0,5.3225661662234725,load,
200/200/150/150/100/100/50/50,0.8,30.0,3.0,0.05,16,,0.2,12.0,steady,ts,8,21717,35.72914151223288,26.858714502374426,146.07243887145088,602.2903060992951,4.53916286779942,20.0,5.649570465216559,load,
200/200/150/150/100/100/50/50,0.8,30.0,3.0,0.05,16,,0.2,12.0,steady,ts,9,21673,38.41151451341328,30.583627669285463,145.3209934880589,245.1053259010113,5.051446500253772,21.0,6.195384038246051,load,
200/200/150/150/100/100/50/50,0.8,30.0,3.0,0.05,16,,0.2,12.0,steady,ts+lc,0,21844,31.888548203061294,25.570640721488402,122.6732649655248,170.77815765939508,3.9430965024720748,17.0,4.721247397239546,load,
200/200/150/150/100/100/50/50,0.8,30.0,3.0,0.05,16,,0.2,12.0,steady,ts+lc,1,21726,30.269746296777814,24.23752190930717,115.81587778518809,159.31645407441135,3.8056706250575347,16.0,4.736831064623222,load,
200/200/150/150/100/100/50/50,0.8,30.0,3.0,0.05,16,,0.2,12.0,steady,ts+lc,2,21748,31.368739091728592,24.07449451052912,130.9658968428643,211.74789395548032,3.9150726503586535,18.0,4.57888372340448,load,
200/200/150/150/100/100/50/50,0.8,30.0,3.0,0.05,16,,0.2,12.0,steady,ts+lc,3,21559,31.39447983555566,24.30549265888793,127.02510428194977,192.9079918416609,3.8110765805464077,17.0,5.39129590314541,load,
200/200/150/150/100/100/50/50,0.8,30.0,3.0,0.05,16,,0.2,12.0,steady,ts+lc,4,21681,30.862691532254903,24.304875970095452,113.57087901356736,153.54412148628168,3.8393063050597296,17.0,4.988798325632496,load,
200/200/150/150/100/100/50/50,0.8,30.0,3.0,0.05,16,,0.2,12.0,steady,ts+lc,5,21783,31.61196350547313,24.88964136205496,119.04536660883707,181.32347322932054,4.011109580865813,18.0,5.100493377609493,load,
200/200/150/150/100/100/50/50,0.8,30.0,3.0,0.05,16,,0.2,12.0,steady,ts+lc,6,21697,29.951110470160877,23.41098797039365,116.1804258793209,168.2781410834513,3.7127713508780014,17.0,4.517334034331469,load,
200/200/150/150/100/100/50/50,0.8,30.0,3.0,0.05,16,,0.2,12.0,steady,ts+lc,7,21502,31.507551914773302,24.683922592827034,122.14735218398421,172.3466005617104,3.9447958329457724,17.0,5.347701990689444,load,
200/200/150/150/100/100/50/50,0.8,30.0,3.0,0.05,16,,0.2,12.0,steady,ts+lc,8,21717,30.600104535917026,23.640438497931626,121.87347228186304,157.84283454942351,3.722613620665838,17.0,5.17614125250695,load,
200/200/150/150/100/100/50/50,0.8,30.0,3.0,0.05,16,,0.2,12.0,steady,ts+lc,9,21673,32.14415881464664,25.263143169842017,120.356290734951,176.77670796906574,4.0426336916901215,18.0,4.904496307383506,load,
200/200/150/150/100/100/50/50,0.8,30.0,3.0,0.05,16,,0.2,12.0,steady,wrandom,0,21844,43.20732901985266,26.966672006359715,251.6812153791573,428.58749705527003,4.349615455044864,21.0,1.0100837560171303,load,
200/200/150/150/100/100/50/50,0.8,30.0,3.0,0.05,16,,0.2,12.0,steady,wrandom,1,21726,40.57553366164738,24.533067692475985,246.5502416146035,587.6351519306224,4.036638129430176,20.0,1.0000839741694454,load,
200/200/150/150/100/100/50/50,0.8,30.0,3.0,0.05,16,,0.2,12.0,steady,wrandom,2,21748,50.79048654121588,25.07529034395839,572.224294416026,794.6869795620353,4.458340996873276,26.0,1.0040966840746202,load,
200/200/150/150/100/100/50/50,0.8,30.0,3.0,0.05,16,,0.2,12.0,steady,wrandom,3,21559,43.70717851184796,24.72445223446762,298.114421741097,516.1347807877909,4.364627301822905,27.0,1.0199235306839816,load,
200/200/150/150/100/100/50/50,0.8,30.0,3.0,0.05,16,,0.2,12.0,steady,wrandom,4,21681,38.454407784543434,24.022334542356916,242.37354045043213,441.82951191771735,3.7828052211613854,16.0,0.9822835096914253,load,
200/200/150/150/100/100/50/50,0.8,30.0,3.0,0.05,16,,0.2,12.0,steady,wrandom,5,21783,40.703498117537684,23.464253364656074,304.54193977938553,525.2379200606247,3.8911995592893542,19.0,0.9656518502200955,load,
200/200/150/150/100/100/50/50,0.8,30.0,3.0,0.05,16,,0.2,12.0,steady,wrandom,6,21697,37.00620532315716,24.541216843251945,201.41168337132436,269.91698501560114,3.7961469327556805,17.0,1.0287512769879243,load,
200/200/150/150/100/100/50/50,0.8,30.0,3.0,0.05,16,,0.2,12.0,steady,wrandom,7,21502,37.76406360118697,23.343345035039764,210.76875684022525,379.4708604602469,3.7580225095339967,19.0,1.0133193664359434,load,
200/200/150/150/100/100/50/50,0.8,30.0,3.0,0.05,16,,0.2,12.0,steady,wrandom,8,21717,38.95621471661622,24.480581144167957,229.54841611700743,331.7158402836752,3.9930008748906385,19.0,0.9586187897646978,load,
200/200/150/150/100/100/50/50,0.8,30.0,3.0,0.05,16,,0.2,12.0,steady,wrandom,9,21673,45.93942933145948,26.040309596975675,328.16173852235767,635.3009529785994,4.495547455359203,23.0,0.9944100545301273,load,
200/200/150/150/100/100/50/50,0.9,30.0,3.0,0.05,16,,0.2,12.0,steady,greedy,0,24557,129.32101436303623,70.55953168880613,1992.2546073286435,5119.4216703668235,13.767764792116301,108.0,12.835778082671473,load,
200/200/150/150/100/100/50/50,0.9,30.0,3.0,0.05,16,,0.2,12.0,steady,greedy,1,24312,183.62652849765084,44.64014489434387,7233.332078389267,9161.135290966933,13.835554458703522,385.8899999999994,8.176614359815275,load,
200/200/150/150/100/100/50/50,0.9,30.0,3.0,0.05,16,,0.2,12.0,steady,greedy,2,24431,73.1702079018888,46.649026804692184,346.05723421261865,2562.1134494731937,8.597519544840571,42.70000000000073,8.116043353876435,load,
200/200/150/150/100/100/50/50,0.9,30.0,3.0,0.05,16,,0.2,12.0,steady,greedy,3,24221,59.267581723647055,44.990365264908405,180.9626090695388,2520.681462359347,7.58858015771438,28.0,7.606995549287117,load,
200/200/150/150/100/100/50/50,0.9,30.0,3.0,0.05,16,,0.2,12.0,steady,greedy,4,24358,120.5960237305472,50.31979062668146,4340.681649586469,7328.047719575692,10.79550866245176,204.0,9.225845249863978,load,
200/200/150/150/100/100/50/50,0.9,30.0,3.0,0.05,16,,0.2,12.0,steady,greedy,5,24518,118.89686112485927,54.782035356678804,999.0073153711176,8481.8545524611,11.55404192837915,46.82999999999811,9.004590901989603,load,
200/200/150/150/100/100/50/50,0.9,30.0,3.0,0.05,16,,0.2,12.0,steady,greedy,6,24384,164.84101116554157,64.16125566496555,5038.668152404307,6409.452033632328,16.053559711286088,256.0,12.361865722211173,load,
200/200/150/150/100/100/50/50,0.9,30.0,3.0,0.05,16,,0.2,12.0,steady,greedy,7,24123,104.98062629317492,44.14190074291824,965.5184926438397,6172.132189026595,9.726029100858103,46.0,8.167693617954015,load,
200/200/150/150/100/100/50/50,0.9,30.0,3.0,0.05,16,,0.2,12.0,steady,greedy,8,24435,1064.4174522672226,63.85451627679828,23279.290305552884,26456.067362476384,59.26539799467976,1188.6599999999999,11.952096351193394,load,
200/200/150/150/100/100/50/50,0.9,30.0,3.0,0.05,16,,0.2,12.0,steady,greedy,9,24387,145.14572202916204,54.64559976982741,3890.006373374095,6838.803854485124,12.993111083774142,201.13999999999942,10.025714567911901,load,
200/200/150/150/100/100/50/50,0.9,30.0,3.0,0.05,16,,0.2,12.0,steady,greedy+lc,0,24557,61.3015498408099,51.252294224111594,225.49910691231187,324.09788014424424,8.428391090116872,29.0,8.691467345120923,load,
200/200/150/150/100/100/50/50,0.9,30.0,3.0,0.05,16,,0.2,12.0,steady,greedy+lc,1,24312,173.42998353560196,42.16267616664293,6472.088665291083,8030.652083207836,13.065605462323132,342.0,7.796461163711676,load,
200/200/150/150/100/100/50/50,0.9,30.0,3.0,0.05,16,,0.2,12.0,steady,greedy+lc,2,24431,58.37779847017061,40.81144840923301,219.8329101155362,2044.6462013180994,7.017436863001924,28.0,7.550554749387607,load,
200/200/150/150/100/100/50/50,0.9,30.0,3.0,0.05,16,,0.2,12.0,steady,greedy+lc,3,24221,47.253749928002776,36.30519339932192,178.15188412858285,1442.8229044875945,6.026382065150076,24.0,5.76553408552091,load,
200/200/150/150/100/100/50/50,0.9,30.0,3.0,0.05,16,,0.2,12.0,steady,greedy+lc,4,24358,137.97793920311034,43.51252612160117,5651.975803252508,8524.023900580889,10.825478282289186,266.0,8.097045237487485,load,
200/200/150/150/100/100/50/50,0.9,30.0,3.0,0.05,16,,0.2,12.0,steady,greedy+lc,5,24518,114.34474224393074,46.48303632035233,304.64781399197943,6366.242300539248,10.303776817032384,35.0,8.473710709353657,load,
200/200/150/150/100/100/50/50,0.9,30.0,3.0,0.05,16,,0.2,12.0,steady,greedy+lc,6,24384,97.2031980393243,44.67998751398383,268.3312210853204,5522.681095855138,9.212844488188976,34.0,7.307187742751342,load,
200/200/150/150/100/100/50/50,0.9,30.0,3.0,0.05,16,,0.2,12.0,steady,greedy+lc,7,24123,72.26231464806064,38.22305289893535,183.0300703685833,4635.338848536114,7.384736558471168,25.0,7.018379450067896,load,
200/200/150/150/100/100/50/50,0.9,30.0,3.0,0.05,16,,0.2,12.0,steady,greedy+lc,8,24435,82.18053606287012,42.50157648873554,231.04898876759543,5157.660846872774,8.430325352977286,30.0,7.810949423452774,load,
200/200/150/150/100/100/50/50,0.9,30.0,3.0,0.05,16,,0.2,12.0,steady,greedy+lc,9,24387,60.26926866052148,42.329690034506484,193.6532413826982,4028.5955168526093,7.223602739164309,26.0,7.0083962848595505,load,
200/200/150/150/100/100/50/50,0.9,30.0,3.0,0.05,16,,0.2,12.0,steady,jsq,0,24557,156.93922192749238,107.73197962488723,895.7432588944567,1270.6883194334496,17.21655739707619,48.43999999999869,32.819713978861145,load,
200/200/150/150/100/100/50/50,0.9,30.0,3.0,0.05,16,,0.2,12.0,steady,jsq,1,24312,131.98990814842603,86.96544232940795,771.3738351414695,1038.4624548613592,14.553759460348799,46.0,28.503769292707467,load,
200/200/150/150/100/100/50/50,0.9,30.0,3.0,0.05,16,,0.2,12.0,steady,jsq,2,24431,142.68309801063137,93.75183275612997,840.6652431574183,1099.2310091885836,15.576808153575376,47.0,30.727025273537052,load,
200/200/150/150/100/100/50/50,0.9,30.0,3.0,0.05,16,,0.2,12.0,steady,jsq,3,24221,140.4805727704396,92.770976520681,806.1188695074321,1171.2350526719201,15.327401841377316,47.0,29.96450162936413,load,
200/200/150/150/100/100/50/50,0.9,30.0,3.0,0.05,16,,0.2,12.0,steady,jsq,4,24358,148.4350860701987,100.45260276631218,892.7112892547425,1261.4360441741726,16.207283028163232,48.0,31.20368985781198,load,
200/200/150/150/100/100/50/50,0.9,30.0,3.0,0.05,16,,0.2,12.0,steady,jsq,5,24518,146.3797000796896,97.13951003300458,853.3867845611521,1212.6785648876507,15.952361530304266,48.0,30.991598042756635,load,
200/200/150/150/100/100/50/50,0.9,30.0,3.0,0.05,16,,0.2,12.0,steady,jsq,6,24384,139.0127908914983,94.08287974541985,746.2802454709987,1041.9344550286048,15.440903871391075,47.0,30.147580993972866,load,
200/200/150/150/100/100/50/50,0.9,30.0,3.0,0.05,16,,0.2,12.0,steady,jsq,7,24123,128.63340451901817,83.44052279612058,762.7309190949031,1160.4442692606674,14.107366413795962,45.0,27.86743968757681,load,
200/200/150/150/100/100/50/50,0.9,30.0,3.0,0.05,16,,0.2,12.0,steady,jsq,8,24435,144.43887983779328,95.24568737112959,828.3624066174215,1112.429191563562,15.798731328013096,47.0,30.481656713585718,load,
200/200/150/150/100/100/50/50,0.9,30.0,3.0,0.05,16,,0.2,12.0,steady,jsq,9,24387,147.33728567381883,101.93440658003894,808.9496734049176,1165.9812748547781,16.197851314224792,47.0,31.53916948947662,load,
200/200/150/150/100/100/50/50,0.9,30.0,3.0,0.05,16,,0.2,12.0,steady,p2c,0,24557,61.22640072279525,36.89616777067606,342.592391879417,489.4753749486681,5.437919941360915,17.0,2.4550752937306313,load,
200/200/150/150/100/100/50/50,0.9,30.0,3.0,0.05,16,,0.2,12.0,steady,p2c,1,24312,54.99286919115926,32.157706537529585,319.0923110679004,505.46397410628106,4.704425797959855,14.0,2.470054179256878,load,
200/200/150/150/100/100/50/50,0.9,30.0,3.0,0.05,16,,0.2,12.0,steady,p2c,2,24431,56.60403792413491,33.58072906168985,320.78218383950275,436.6375205236614,4.95955957594859,15.0,2.376480659316305,load,
200/200/150/150/100/100/50/50,0.9,30.0,3.0,0.05,16,,0.2,12.0,steady,p2c,3,24221,53.948292548451,32.72225609914159,317.6967471857699,436.76011633410786,4.683126212790554,14.0,2.424188255442088,load,
200/200/150/150/100/100/50/50,0.9,30.0,3.0,0.05,16,,0.2,12.0,steady,p2c,4,24358,59.26081837726772,35.25467935959892,353.65434866430724,464.0746954393703,5.114951966499713,15.0,2.36708338491507,load,
200/200/150/150/100/100/50/50,0.9,30.0,3.0,0.05,16,,0.2,12.0,steady,p2c,5,24518,56.71180704860576,35.07695438200731,321.0528056694108,436.6979349596107,4.96382249775675,14.0,2.4406395059345956,load,
200/200/150/150/100/100/50/50,0.9,30.0,3.0,0.05,16,,0.2,12.0,steady,p2c,6,24384,57.299820940392095,33.93244807899709,317.82197377829897,448.2757626507256,4.941478018372703,14.0,2.4152911373117925,load,
200/200/150/150/100/100/50/50,0.9,30.0,3.0,0.05,16,,0.2,12.0,steady,p2c,7,24123,53.19115229738306,32.02204757230831,301.338588379203,402.37392216917425,4.586660033992455,14.0,2.450803331655653,load,
200/200/150/150/100/100/50/50,0.9,30.0,3.0,0.05,16,,0.2,12.0,steady,p2c,8,24435,53.76861114631273,32.75310506653284,301.66559783925925,440.5809297744899,4.675588295477798,14.0,2.382309502969655,load,
200/200/150/150/100/100/50/50,0.9,30.0,3.0,0.05,16,,0.2,12.0,steady,p2c,9,24387,56.27753409633989,33.528738293838956,311.4348790691748,413.5019133610325,4.873334153442408,14.0,2.4624565972177574,load,
200/200/150/150/100/100/50/50,0.9,30.0,3.0,0.05,16,,0.2,12.0,steady,p2c_learned,0,24557,44.6478628388215,36.07442978037412,172.11640118700865,262.52201325064334,5.095736449892088,17.0,2.0054632597776694,load,
200/200/150/150/100/100/50/50,0.9,30.0,3.0,0.05,16,,0.2,12.0,steady,p2c_learned,1,24312,39.021766236685124,30.250965161053855,156.96391258965434,246.54745243592268,4.308695294504771,15.0,2.0247714949604427,load,
200/200/150/150/100/100/50/50,0.9,30.0,3.0,0.05,16,,0.2,12.0,steady,p2c_learned,2,24431,40.00277799258554,32.227767637031945,145.6676541371086,229.6231033639311,4.498383201670009,15.0,2.0697217716983625,load,
200/200/150/150/100/100/50/50,0.9,30.0,3.0,0.05,16,,0.2,12.0,steady,p2c_learned,3,24221,38.08498025141771,30.143181700282184,153.54303697867968,223.47240021491203,4.1802568019487225,13.0,1.9996943063346175,load,
200/200/150/150/100/100/50/50,0.9,30.0,3.0,0.05,16,,0.2,12.0,steady,p2c_learned,4,24358,40.86987689160132,33.41248798236185,152.79038105068207,222.9894422790445,4.582642253058544,15.0,1.9841203576107542,load,
200/200/150/150/100/100/50/50,0.9,30.0,3.0,0.05,16,,0.2,12.0,steady,p2c_learned,5,24518,38.95196082688148,32.51103829714008,144.49305373406708,205.74617703659476,4.450403784974305,14.0,1.9321694870044688,load,
200/200/150/150/100/100/50/50,0.9,30.0,3.0,0.05,16,,0.2,12.0,steady,p2c_learned,6,24384,40.22256511531102,33.15796543474292,151.92773673734075,238.96086508071957,4.537114501312336,14.0,1.9932952789459792,load,
200/200/150/150/100/100/50/50,0.9,30.0,3.0,0.05,16,,0.2,12.0,steady,p2c_learned,7,24123,37.20201959525888,29.691963046281522,142.73740090692095,221.61142101558397,4.152302781577747,14.0,1.912248153363267,load,
200/200/150/150/100/100/50/50,0.9,30.0,3.0,0.05,16,,0.2,12.0,steady,p2c_learned,8,24435,38.705285004538034,31.19637429210087,140.15556272976355,221.9652966392017,4.38817270308983,14.0,1.991081114209802,load,
200/200/150/150/100/100/50/50,0.9,30.0,3.0,0.05,16,,0.2,12.0,steady,p2c_learned,9,24387,40.00431878320907,32.66750479248692,155.54051680053124,220.3421137403599,4.464140730717185,15.0,2.047035096540193,load,
200/200/150/150/100/100/50/50,0.9,30.0,3.0,0.05,16,,0.2,12.0,steady,ts,0,24557,63.88579322047501,51.6616785387356,212.3564645461249,1603.2686418295693,8.332858248157349,30.0,8.235291104443629,load,
200/200/150/150/100/100/50/50,0.9,30.0,3.0,0.05,16,,0.2,12.0,steady,ts,1,24312,56.35104560662505,45.87098743753026,204.93758773024123,1003.7878696449749,7.4775830865416255,28.0,8.225035611419969,load,
200/200/150/150/100/100/50/50,0.9,30.0,3.0,0.05,16,,0.2,12.0,steady,ts,2,24431,55.30608230645811,46.11168371340213,213.15247907545094,325.1620333323111,7.557734026441816,29.0,7.862908557286861,load,
200/200/150/150/100/100/50/50,0.9,30.0,3.0,0.05,16,,0.2,12.0,steady,ts,3,24221,54.68216841549622,44.18787211325537,206.62529271684258,401.45278846126564,7.43098963709178,31.0,8.756210376775353,load,
200/200/150/150/100/100/50/50,0.9,30.0,3.0,0.05,16,,0.2,12.0,steady,ts,4,24358,52.99176407102576,45.79063820704299,179.61684362701803,254.56289614927172,7.102143033089745,24.0,6.948535090997756,load,
200/200/150/150/100/100/50/50,0.9,30.0,3.0,0.05,16,,0.2,12.0,steady,ts,5,24518,63.29298855067648,50.674078592104266,247.040787526102,451.44779671323926,8.687861978954238,34.0,9.008899068626812,load,
200/200/150/150/100/100/50/50,0.9,30.0,3.0,0.05,16,,0.2,12.0,steady,ts,6,24384,64.09620672481071,51.361064977143656,253.90698790882797,447.1874926629569,8.852485236220472,35.0,9.900652659439999,load,
200/200/150/150/100/100/50/50,0.9,30.0,3.0,0.05,16,,0.2,12.0,steady,ts,7,24123,47.35680125142165,39.51170553893846,173.90049996766848,289.5459977804403,6.410521079467728,23.0,6.301010122167764,load,
200/200/150/150/100/100/50/50,0.9,30.0,3.0,0.05,16,,0.2,12.0,steady,ts,8,24435,50.49778007748734,43.31704552498117,167.7128173756379,252.0874768702709,6.9272764477184365,24.0,7.243034341847862,load,
200/200/150/150/100/100/50/50,0.9,30.0,3.0,0.05,16,,0.2,12.0,steady,ts,9,24387,51.592802169387156,44.10169657398555,175.5725560385192,256.1281002741445,7.009021199819576,25.0,7.083191048543882,load,
200/200/150/150/100/100/50/50,0.9,30.0,3.0,0.05,16,,0.2,12.0,steady,ts+lc,0,24557,50.621127076859985,42.551388974459314,174.77509233634538,255.38051203068363,6.73636844891477,25.0,6.532991474663389,load,
200/200/150/150/100/100/50/50,0.9,30.0,3.0,0.05,16,,0.2,12.0,steady,ts+lc,1,24312,52.07119420286345,41.25935993448948,199.72668055168577,377.31644643137014,7.01974333662389,28.0,8.024090622848895,load,
200/200/150/150/100/100/50/50,0.9,30.0,3.0,0.05,16,,0.2,12.0,steady,ts+lc,2,24431,48.14022838995096,40.52424219478912,165.58098228321956,235.8237316989107,6.451434652695346,25.0,7.529710554770737,load,
200/200/150/150/100/100/50/50,0.9,30.0,3.0,0.05,16,,0.2,12.0,steady,ts+lc,3,24221,44.65658594961749,37.02259362539717,160.48070627554765,274.8533246912289,5.975269394327237,25.0,5.4744337022551575,load,
200/200/150/150/100/100/50/50,0.9,30.0,3.0,0.05,16,,0.2,12.0,steady,ts+lc,4,24358,48.781973743278485,40.56949933930731,175.27782210843495,288.921981799113,6.462722719435093,23.0,6.22065802771326,load,
200/200/150/150/100/100/50/50,0.9,30.0,3.0,0.05,16,,0.2,12.0,steady,ts+lc,5,24518,47.89921398078733,39.82115547548837,178.85291082474302,301.2537239679934,6.38065910759442,26.0,6.116539165499048,load,
200/200/150/150/100/100/50/50,0.9,30.0,3.0,0.05,16,,0.2,12.0,steady,ts+lc,6,24384,53.635128567465564,45.52719951060258,181.18343688346854,318.9145052999961,7.416994750656168,26.0,7.346677766294899,load,
200/200/150/150/100/100/50/50,0.9,30.0,3.0,0.05,16,,0.2,12.0,steady,ts+lc,7,24123,44.90793559727095,37.198814438422545,163.8139130172067,241.7427440042306,5.934626704804543,23.0,6.376904094499881,load,
200/200/150/150/100/100/50/50,0.9,30.0,3.0,0.05,16,,0.2,12.0,steady,ts+lc,8,24435,47.67372109844705,40.07584079307236,165.24281872850307,387.1138765776059,6.488356865152445,24.0,7.033806386266012,load,
200/200/150/150/100/100/50/50,0.9,30.0,3.0,0.05,16,,0.2,12.0,steady,ts+lc,9,24387,45.88721522228236,39.10301372310698,164.33470550812086,236.96421334819965,6.1128060031984255,23.0,5.670769062692169,load,
200/200/150/150/100/100/50/50,0.9,30.0,3.0,0.05,16,,0.2,12.0,steady,wrandom,0,24557,91.89527260435908,55.84661023224413,639.9616494778941,830.0368077019823,9.824082746263795,44.0,1.003252329569981,load,
200/200/150/150/100/100/50/50,0.9,30.0,3.0,0.05,16,,0.2,12.0,steady,wrandom,1,24312,88.32910182003079,51.815517143481316,484.9320492739371,774.6865886039784,10.117061533399145,56.0,0.9649302376597372,load,
200/200/150/150/100/100/50/50,0.9,30.0,3.0,0.05,16,,0.2,12.0,steady,wrandom,2,24431,128.55561107907505,48.73452448148896,1282.809096323978,1547.24040565551,11.509189144938807,65.0,1.0044222031810381,load,
200/200/150/150/100/100/50/50,0.9,30.0,3.0,0.05,16,,0.2,12.0,steady,wrandom,3,24221,78.63610656194835,49.78953745974746,650.4514406199721,864.0004002814121,8.642252590727056,37.0,0.9732688831589569,load,
200/200/150/150/100/100/50/50,0.9,30.0,3.0,0.05,16,,0.2,12.0,steady,wrandom,4,24358,81.75500446046136,55.03215935602768,512.9602376638966,796.4174054022171,9.428976106412678,38.0,0.9810190486336038,load,
200/200/150/150/100/100/50/50,0.9,30.0,3.0,0.05,16,,0.2,12.0,steady,wrandom,5,24518,81.0549177592282,59.704357664309704,395.8807454713183,596.3819351925238,10.034994697773065,43.0,1.005194055569227,load,
200/200/150/150/100/100/50/50,0.9,30.0,3.0,0.05,16,,0.2,12.0,steady,wrandom,6,24384,77.25234414671871,50.84377402694429,444.4513553756398,670.7647519395376,8.507053805774278,29.0,1.0050581761677506,load,
200/200/150/150/100/100/50/50,0.9,30.0,3.0,0.05,16,,0.2,12.0,steady,wrandom,7,24123,78.31238418474909,45.98171876181567,386.74199164189207,474.91569862354856,9.653069684533433,64.0,1.0027122717624517,load,
200/200/150/150/100/100/50/50,0.9,30.0,3.0,0.05,16,,0.2,12.0,steady,wrandom,8,24435,81.21413899395596,48.57856137684635,440.20989755466553,564.8307372701487,9.18927767546552,44.0,0.962585787198917,load,
200/200/150/150/100/100/50/50,0.9,30.0,3.0,0.05,16,,0.2,12.0,steady,wrandom,9,24387,91.81935967586035,55.19569443414163,722.4972516316753,1029.8971950563796,9.589043342764588,36.0,0.9836706000750048,load,
200/200/150/150/100/100/50/50,0.95,30.0,3.0,0.05,16,,0.2,12.0,steady,greedy,0,25927,204.00612874004904,146.49284047823485,932.0148140740819,6152.4240398020365,25.869556832645504,72.0,13.58518636964325,load,
200/200/150/150/100/100/50/50,0.95,30.0,3.0,0.05,16,,0.2,12.0,steady,greedy,1,25645,100.84250007298586,72.816906280055,308.8787779853552,5424.415307122316,12.82780269058296,39.0,11.4295331767572,load,
200/200/150/150/100/100/50/50,0.95,30.0,3.0,0.05,16,,0.2,12.0,steady,greedy,2,25743,242.03300938234386,109.88388884124767,7548.734805176012,10857.206437871917,24.239871032902148,402.5799999999981,14.497119115451678,load,
200/200/150/150/100/100/50/50,0.95,30.0,3.0,0.05,16,,0.2,12.0,steady,greedy,3,25547,154.59339705880305,91.68062301770519,864.4033167070116,6282.483680452488,18.31682780757036,59.0,14.218195536573285,load,
200/200/150/150/100/100/50/50,0.95,30.0,3.0,0.05,16,,0.2,12.0,steady,greedy,4,25684,129.97891974413363,78.62806690206803,365.96333733441355,6426.405652602537,14.683655193895031,45.0,12.010005155235541,load,
200/200/150/150/100/100/50/50,0.95,30.0,3.0,0.05,16,,0.2,12.0,steady,greedy,5,25893,250.65070028686893,155.30099212046267,3643.453295673399,7551.103768026225,29.542308732089754,198.0799999999981,17.511583064903473,load,
200/200/150/150/100/100/50/50,0.95,30.0,3.0,0.05,16,,0.2,12.0,steady,greedy,6,25637,99.93029132342504,77.42879018262983,382.342897085382,2255.7203760317634,12.9183211764247,43.0,12.326262693532648,load,
200/200/150/150/100/100/50/50,0.95,30.0,3.0,0.05,16,,0.2,12.0,steady,greedy,7,25480,139.4189018311057,68.53047708459981,3849.6098520258442,5417.733450633809,14.211852433281004,204.20999999999913,11.134290627918617,load,
200/200/150/150/100/100/50/50,0.95,30.0,3.0,0.05,16,,0.2,12.0,steady,greedy,8,25792,149.17087214250856,109.17792639213708,467.49723593983185,3734.8993062198915,19.213787220843674,57.0,12.869010648066402,load,
200/200/150/150/100/100/50/50,0.95,30.0,3.0,0.05,16,,0.2,12.0,steady,greedy,9,25713,526.8693065661611,308.5205485133322,10659.718443559099,11441.141335919467,50.925251818146464,497.880000000001,12.606706755446575,load,
200/200/150/150/100/100/50/50,0.95,30.0,3.0,0.05,16,,0.2,12.0,steady,greedy+lc,0,25927,125.59155958583943,104.43452458292413,368.56939158589887,522.0442462991089,18.15412504339106,58.0,9.87759123296143,load,
200/200/150/150/100/100/50/50,0.95,30.0,3.0,0.05,16,,0.2,12.0,steady,greedy+lc,1,25645,89.53483683101457,75.66036648459473,296.2744584753591,412.16080100611447,12.670774030025346,41.0,11.453603632831632,load,
200/200/150/150/100/100/50/50,0.95,30.0,3.0,0.05,16,,0.2,12.0,steady,greedy+lc,2,25743,195.99734927776908,84.90110203382706,8043.169588033601,11334.587695040176,18.886338033640214,425.5799999999981,10.271096045475865,load,
200/200/150/150/100/100/50/50,0.95,30.0,3.0,0.05,16,,0.2,12.0,steady,greedy+lc,3,25547,110.96671122632311,81.97618770422288,320.9034703891925,5606.049358276325,14.704231416604689,43.0,10.662263899712077,load,
200/200/150/150/100/100/50/50,0.95,30.0,3.0,0.05,16,,0.2,12.0,steady,greedy+lc,4,25684,109.12816584614684,70.21511970153149,306.3919513385156,5023.812743945587,12.260045164304625,36.0,9.485953407188576,load,
200/200/150/150/100/100/50/50,0.95,30.0,3.0,0.05,16,,0.2,12.0,steady,greedy+lc,5,25893,103.88636095424222,89.84816439671394,311.2322872899244,1642.1315911574675,14.078283706020933,39.0,10.99002470955266,load,
200/200/150/150/100/100/50/50,0.95,30.0,3.0,0.05,16,,0.2,12.0,steady,greedy+lc,6,25637,80.16322345968271,71.9659435716693,230.08658599597558,373.0793438748616,11.169637633108398,32.0,9.427699662496815,load,
200/200/150/150/100/100/50/50,0.95,30.0,3.0,0.05,16,,0.2,12.0,steady,greedy+lc,7,25480,113.5018224186259,62.76486848769913,327.22623409954184,5426.756746025167,11.906475667189953,39.0,9.140328119316157,load,
200/200/150/150/100/100/50/50,0.95,30.0,3.0,0.05,16,,0.2,12.0,steady,greedy+lc,8,25792,93.10307506788234,74.50515422964443,268.3172674011258,2945.679566544961,12.111933933002481,36.0,10.936030853335044,load,
200/200/150/150/100/100/50/50,0.95,30.0,3.0,0.05,16,,0.2,12.0,steady,greedy+lc,9,25713,333.3872301262723,127.48025897449367,9400.478606023735,11515.997983214611,28.68638431921596,466.0,10.011083222086768,load,
200/200/150/150/100/100/50/50,0.95,30.0,3.0,0.05,16,,0.2,12.0,steady,jsq,0,25927,206.43920960057483,151.9504809288783,1063.911362085673,1393.6055746326342,23.154240752883094,57.0,39.083241463779245,load,
200/200/150/150/100/100/50/50,0.95,30.0,3.0,0.05,16,,0.2,12.0,steady,jsq,1,25645,182.82480863006595,130.562465567559,933.8635909806212,1162.4225614602392,20.54267888477286,54.0,36.8479646275024,load,
200/200/150/150/100/100/50/50,0.95,30.0,3.0,0.05,16,,0.2,12.0,steady,jsq,2,25743,182.66656070322563,135.4058500101054,918.2865781116038,1187.4768913476526,20.691139338849396,54.0,37.29905945494817,load,
200/200/150/150/100/100/50/50,0.95,30.0,3.0,0.05,16,,0.2,12.0,steady,jsq,3,25547,174.39550004718703,124.82736559902108,925.4672829562264,1302.3461040697277,19.779661016949152,52.0,35.97346637968198,load,
200/200/150/150/100/100/50/50,0.95,30.0,3.0,0.05,16,,0.2,12.0,steady,jsq,4,25684,187.56451927361834,132.91729325153767,1032.5404572732914,1348.1383676850382,20.95331724030525,54.0,37.202416007369266,load,
200/200/150/150/100/100/50/50,0.95,30.0,3.0,0.05,16,,0.2,12.0,steady,jsq,5,25893,187.02260378659585,137.9371249011676,962.6041808060711,1253.0653276355363,21.399451589232612,55.0,37.18073445340304,load,
200/200/150/150/100/100/50/50,0.95,30.0,3.0,0.05,16,,0.2,12.0,steady,jsq,6,25637,187.0256460418118,137.48011036058116,925.3945233976683,1233.760010496311,21.305339938370324,54.0,37.27081674619556,load,
200/200/150/150/100/100/50/50,0.95,30.0,3.0,0.05,16,,0.2,12.0,steady,jsq,7,25480,169.34817924757343,123.35325079166104,859.4815557025248,1190.5900312840874,19.40714285714286,52.0,35.01710214490144,load,
200/200/150/150/100/100/50/50,0.95,30.0,3.0,0.05,16,,0.2,12.0,steady,jsq,8,25792,183.5023242371347,131.97357802058463,1010.1141147949146,1352.3060639286837,20.657490694789082,54.0,37.159740286368034,load,
200/200/150/150/100/100/50/50,0.95,30.0,3.0,0.05,16,,0.2,12.0,steady,jsq,9,25713,192.46161209982284,142.62790238399248,988.1600413507891,1374.475598527441,21.738848053513788,55.0,38.04937163171917,load,
200/200/150/150/100/100/50/50,0.95,30.0,3.0,0.05,16,,0.2,12.0,steady,p2c,0,25927,91.59877719948967,60.8513749588262,464.27508710953185,647.2955941826012,8.876499402167624,22.0,2.411786644895076,load,
200/200/150/150/100/100/50/50,0.95,30.0,3.0,0.05,16,,0.2,12.0,steady,p2c,1,25645,71.49401363710304,46.25178725346046,387.77742650779385,549.9439241282619,6.778826281926301,18.0,2.5128142147717725,load,
200/200/150/150/100/100/50/50,0.95,30.0,3.0,0.05,16,,0.2,12.0,steady,p2c,2,25743,79.36976670667133,50.101198644970424,435.01789392524176,612.2086746125326,7.450413704696422,20.0,2.515265609560271,load,
200/200/150/150/100/100/50/50,0.95,30.0,3.0,0.05,16,,0.2,12.0,steady,p2c,3,25547,73.1399184697712,46.66114621664441,402.6689112533716,561.2540145999415,6.887971190355032,18.0,2.4129800411519446,load,
200/200/150/150/100/100/50/50,0.95,30.0,3.0,0.05,16,,0.2,12.0,steady,p2c,4,25684,78.42756557328805,51.272760047180284,405.60044419484143,513.3656713021268,7.426530135492914,19.0,2.3739177362127775,load,
200/200/150/150/100/100/50/50,0.95,30.0,3.0,0.05,16,,0.2,12.0,steady,p2c,5,25893,80.50331505252242,53.88057594531759,427.3396033073674,589.0790673781262,7.813347236704901,20.0,2.5394658274242476,load,
200/200/150/150/100/100/50/50,0.95,30.0,3.0,0.05,16,,0.2,12.0,steady,p2c,6,25637,78.25831910546522,52.479683269794464,412.0146615179141,533.0120359539662,7.454265319655186,19.0,2.3731928341176554,load,
200/200/150/150/100/100/50/50,0.95,30.0,3.0,0.05,16,,0.2,12.0,steady,p2c,7,25480,70.50643467326516,45.70939903784543,385.1841516195565,493.3488154959377,6.566326530612245,17.0,2.5163316215244307,load,
200/200/150/150/100/100/50/50,0.95,30.0,3.0,0.05,16,,0.2,12.0,steady,p2c,8,25792,75.27494374767664,47.9755699386768,395.9065637371363,538.112816595378,7.217276674937965,20.0,2.4965617788121754,load,
200/200/150/150/100/100/50/50,0.95,30.0,3.0,0.05,16,,0.2,12.0,steady,p2c,9,25713,78.99318274196628,52.240891896904174,418.62646757938217,560.9361769857711,7.554816629720375,19.0,2.5003008524105717,load,
200/200/150/150/100/100/50/50,0.95,30.0,3.0,0.05,16,,0.2,12.0,steady,p2c_learned,0,25927,64.5893572199457,57.01984927508974,200.34963260536188,267.6672508008793,7.970956917499132,22.0,2.1007816983482765,load,
200/200/150/150/100/100/50/50,0.95,30.0,3.0,0.05,16,,0.2,12.0,steady,p2c_learned,1,25645,53.47549981674047,44.928464667384205,187.29639817384268,260.044040153425,6.455449405342172,20.0,2.165694618120042,load,
200/200/150/150/100/100/50/50,0.95,30.0,3.0,0.05,16,,0.2,12.0,steady,p2c_learned,2,25743,53.46857008955673,46.36245477287204,183.23305453069733,309.3048499966272,6.44330497611001,19.0,2.071515849465962,load,
200/200/150/150/100/100/50/50,0.95,30.0,3.0,0.05,16,,0.2,12.0,steady,p2c_learned,3,25547,52.896631017048044,45.2292044443503,180.0930172937407,269.775185424829,6.333972677809528,19.0,2.0635159581968985,load,
200/200/150/150/100/100/50/50,0.95,30.0,3.0,0.05,16,,0.2,12.0,steady,p2c_learned,4,25684,59.52331629487572,50.2737892769165,197.22780999914085,284.39451881441755,7.262498053262732,23.0,2.1255344723115095,load,
200/200/150/150/100/100/50/50,0.95,30.0,3.0,0.05,16,,0.2,12.0,steady,p2c_learned,5,25893,59.74058701875836,50.40398244883626,196.2927694697851,306.5178688378659,7.284710153323292,21.0,2.081156299074678,load,
200/200/150/150/100/100/50/50,0.95,30.0,3.0,0.05,16,,0.2,12.0,steady,p2c_learned,6,25637,58.91927328564744,51.55637413750114,188.27489335808647,280.5327150610979,7.147404142450365,20.639999999999418,2.1114113385027604,load,
200/200/150/150/100/100/50/50,0.95,30.0,3.0,0.05,16,,0.2,12.0,steady,p2c_learned,7,25480,50.49586447419908,42.319914338444065,174.25451977407485,278.46802354335205,5.986302982731554,18.0,2.078409274238645,load,
200/200/150/150/100/100/50/50,0.95,30.0,3.0,0.05,16,,0.2,12.0,steady,p2c_learned,8,25792,52.14916596556021,44.68933119344953,181.4486888521453,255.91722390068998,6.335258995037221,19.0,2.091961547209584,load,
200/200/150/150/100/100/50/50,0.95,30.0,3.0,0.05,16,,0.2,12.0,steady,p2c_learned,9,25713,60.64346159605159,52.7275159619629,189.18940238682913,308.64225444141624,7.403336833508342,21.0,2.1366053962810683,load,
200/200/150/150/100/100/50/50,0.95,30.0,3.0,0.05,16,,0.2,12.0,steady,ts,0,25927,98.32355009806138,90.57625604255648,298.44283574756594,503.4630304232644,13.784664635322251,39.0,10.833411830052423,load,
200/200/150/150/100/100/50/50,0.95,30.0,3.0,0.05,16,,0.2,12.0,steady,ts,1,25645,80.05170875046473,66.82201233740237,308.92901086794194,505.1851172607266,11.104581789822577,39.0,9.475955623263435,load,
200/200/150/150/100/100/50/50,0.95,30.0,3.0,0.05,16,,0.2,12.0,steady,ts,2,25743,88.30473599464877,72.78958912131728,295.79562888569666,427.37189550487324,12.664918618653614,43.0,12.377266262662957,load,
200/200/150/150/100/100/50/50,0.95,30.0,3.0,0.05,16,,0.2,12.0,steady,ts,3,25547,111.68108882260856,88.49290643281194,377.1993567617565,591.3795087442294,16.182330606333423,58.0,16.083835854179483,load,
200/200/150/150/100/100/50/50,0.95,30.0,3.0,0.05,16,,0.2,12.0,steady,ts,4,25684,113.48947829848507,91.06327145643611,391.18165360536506,568.9804189075624,16.070705497586047,61.0,13.066066387279871,load,
200/200/150/150/100/100/50/50,0.95,30.0,3.0,0.05,16,,0.2,12.0,steady,ts,5,25893,85.94288525549987,77.72386498214345,248.42220036152804,379.4253326569311,12.19769821959603,37.0,11.697063035487231,load,
200/200/150/150/100/100/50/50,0.95,30.0,3.0,0.05,16,,0.2,12.0,steady,ts,6,25637,83.13958468354332,73.80391041806433,263.2678378026644,461.8443017464226,11.716269454304326,35.0,9.108694037752716,load,
200/200/150/150/100/100/50/50,0.95,30.0,3.0,0.05,16,,0.2,12.0,steady,ts,7,25480,84.85881272588321,71.37186454331967,286.00895275969583,413.23422170321953,12.056828885400314,41.0,11.533865962492253,load,
200/200/150/150/100/100/50/50,0.95,30.0,3.0,0.05,16,,0.2,12.0,steady,ts,8,25792,78.56114431843672,67.91393850193472,254.87967546329853,498.2420448540496,10.744067928039703,34.0,9.352502116393834,load,
200/200/150/150/100/100/50/50,0.95,30.0,3.0,0.05,16,,0.2,12.0,steady,ts,9,25713,117.46322338802723,100.52612308805121,386.16830273143324,1246.6263134845449,16.56492824641232,51.0,13.843465064272054,load,
200/200/150/150/100/100/50/50,0.95,30.0,3.0,0.05,16,,0.2,12.0,steady,ts+lc,0,25927,83.96640068052608,77.40062004107884,246.1356408016714,397.5950659246747,11.719134492999576,34.0,9.183722226041002,load,
200/200/150/150/100/100/50/50,0.95,30.0,3.0,0.05,16,,0.2,12.0,steady,ts+lc,1,25645,68.44449710173906,55.62209053764633,248.11231928827195,380.0390871154031,9.418405147202183,35.0,10.076798797374243,load,
200/200/150/150/100/100/50/50,0.95,30.0,3.0,0.05,16,,0.2,12.0,steady,ts+lc,2,25743,70.35891101964596,62.39398297980081,215.39892332004078,324.09957975828144,9.988618265159461,32.0,9.840890508490688,load,
200/200/150/150/100/100/50/50,0.95,30.0,3.0,0.05,16,,0.2,12.0,steady,ts+lc,3,25547,63.68569042568649,54.72556381851845,214.5617294309091,366.38392329420645,8.809057815007632,29.0,8.093497687915459,load,
200/200/150/150/100/100/50/50,0.95,30.0,3.0,0.05,16,,0.2,12.0,steady,ts+lc,4,25684,93.80850785268541,76.87006719197598,317.2990962667206,543.4916151141593,13.414109951720915,48.0,12.3161364904816,load,
200/200/150/150/100/100/50/50,0.95,30.0,3.0,0.05,16,,0.2,12.0,steady,ts+lc,5,25893,74.89617600111961,67.84845102622938,231.38742006397558,360.8985026375416,10.526860541459081,33.0,10.467674171591407,load,
200/200/150/150/100/100/50/50,0.95,30.0,3.0,0.05,16,,0.2,12.0,steady,ts+lc,6,25637,76.12170341730945,66.23938458190537,249.95319094821414,406.47874141009333,10.499590435698405,32.0,8.975815253943583,load,
200/200/150/150/100/100/50/50,0.95,30.0,3.0,0.05,16,,0.2,12.0,steady,ts+lc,7,25480,82.05272681635313,64.50937207877328,274.4052756780365,364.06126300112436,11.446507064364207,44.0,10.91587234789494,load,
200/200/150/150/100/100/50/50,0.95,30.0,3.0,0.05,16,,0.2,12.0,steady,ts+lc,8,25792,63.66851325836507,57.153397037170706,191.28772719159932,253.15976073754388,8.832002171215882,28.0,7.893151368551644,load,
200/200/150/150/100/100/50/50,0.95,30.0,3.0,0.05,16,,0.2,12.0,steady,ts+lc,9,25713,109.11085938086622,93.04637209441324,326.9343674362164,422.4776444880537,15.663594290825653,52.0,12.084876533524046,load,
200/200/150/150/100/100/50/50,0.95,30.0,3.0,0.05,16,,0.2,12.0,steady,wrandom,0,25927,164.9422842311403,114.4964286123793,738.4165686773921,941.2718719076865,20.831681258919275,85.0,0.9849716576056103,load,
200/200/150/150/100/100/50/50,0.95,30.0,3.0,0.05,16,,0.2,12.0,steady,wrandom,1,25645,146.13504296966659,89.30330289860677,627.1695434166089,764.765803298256,18.69089491128875,93.0,0.9954519958385142,load,
200/200/150/150/100/100/50/50,0.95,30.0,3.0,0.05,16,,0.2,12.0,steady,wrandom,2,25743,160.9963037568133,87.9575574035556,1238.3594107160905,1349.927142787179,16.060016315114787,61.0,1.031788660781418,load,
200/200/150/150/100/100/50/50,0.95,30.0,3.0,0.05,16,,0.2,12.0,steady,wrandom,3,25547,140.58569493711255,92.03732648329499,570.141469861887,636.0186519871079,18.279250009785883,84.0,0.9914121838740408,load,
200/200/150/150/100/100/50/50,0.95,30.0,3.0,0.05,16,,0.2,12.0,steady,wrandom,4,25684,160.62432242654123,118.64371602340728,660.5394806868452,858.7403213973074,20.187003581996574,63.0,0.9970672647683115,load,
200/200/150/150/100/100/50/50,0.95,30.0,3.0,0.05,16,,0.2,12.0,steady,wrandom,5,25893,165.55253249697824,114.65102717795439,652.9161188136395,781.7143741390925,22.812690688603098,111.0,0.994826745293909,load,
200/200/150/150/100/100/50/50,0.95,30.0,3.0,0.05,16,,0.2,12.0,steady,wrandom,6,25637,137.4295159737414,103.69580605188844,551.5232579902307,771.8495499076321,17.98794710769591,70.0,0.9909238130303841,load,
200/200/150/150/100/100/50/50,0.95,30.0,3.0,0.05,16,,0.2,12.0,steady,wrandom,7,25480,136.2942740340935,73.31321030283533,787.6749493724873,902.3148495693156,15.231632653061224,74.0,1.0097677214916176,load,
200/200/150/150/100/100/50/50,0.95,30.0,3.0,0.05,16,,0.2,12.0,steady,wrandom,8,25792,174.64697279168004,89.53612209023999,907.4094959253886,969.0668127560019,21.220882444168733,100.0,1.0185801833401538,load,
200/200/150/150/100/100/50/50,0.95,30.0,3.0,0.05,16,,0.2,12.0,steady,wrandom,9,25713,170.1562465836031,126.20915133015131,812.4432507804017,1159.6051266866707,20.54330494302493,77.0,1.018421418394771,load,
