scenario,strategy,state_refresh_sec,aligned,num_gateways,rho,seed,requests,censored,errors,p50_ms,p99_ms,p999_ms,mean_ms,fano,fallback_frac,modes,duration_sec,warmup_sec,lane
steady,least_conn,0.0,False,1,0.9,0,7898,0,0,115.1664235003409,949.8131616797936,1451.7070302222426,170.92260770410425,0.8098691512447765,0.0,baseline_least_connections=7898,90.0,15.0,0
steady,sed,0.0,False,1,0.9,0,7898,0,0,149.4663099999798,705.5085139199801,1039.3193130340194,190.74776742669047,0.9520175562055192,0.0,baseline_shortest_expected_delay=7898,90.0,15.0,1
steady,p2c,0.0,False,1,0.9,0,7898,0,0,241.21482350000176,2116.891290539915,3058.3816089599736,369.7929373636369,0.8619812936689755,0.0,baseline_power_of_two_choices=7898,90.0,15.0,1
steady,greedy_learned,0.0,False,1,0.9,0,7898,0,0,186.8549850000818,1135.1528859999387,1492.8477554378874,272.0594207879208,1.0135213766454736,0.0,greedy_learned=7898,90.0,15.0,0
steady,ts_learned,0.0,False,1,0.9,0,7898,0,0,183.81484199994705,786.8661131799172,1051.947502342872,227.2296083569255,1.0087758120786874,0.0,ts_learned=7898,90.0,15.0,1
steady,lin_ts,0.0,False,1,0.9,0,7898,0,0,3806.083987999955,44110.24837074,56395.05923567295,5575.3354071129415,29.730843850623124,0.0,rl_adaptive_lin_ts=7898,90.0,15.0,1
steady,p2c_learned,0.0,False,1,0.9,0,7898,0,0,212.12072150001404,1018.5487263097358,1548.1930056861904,266.96447091314144,0.9278567783297044,0.0,p2c_learned=7898,90.0,15.0,1
steady,p3c_learned,0.0,False,1,0.9,0,7898,0,0,184.81582200001867,887.5836112699691,1231.4384215047662,235.9896928633841,0.9688203678692808,0.0,p3c_learned=7898,90.0,15.0,0
steady,least_conn+lc,0.0,False,1,0.9,0,7898,0,0,131.48601399984727,1111.145972630074,1724.0485581587857,200.8959022106861,0.8484195544548702,0.0,baseline_least_connections=7898,90.0,15.0,1
steady,greedy_learned+lc,0.0,False,1,0.9,0,7898,0,0,152.77874050002538,712.1771539698683,1074.194762995735,191.6906205763478,0.9849795065496236,0.0,greedy_learned=7898,90.0,15.0,0
steady,ts_learned+lc,0.0,False,1,0.9,0,7898,0,0,275.2220934999059,967.8738512305966,1402.0152783557742,321.6218174351756,0.989882777206018,0.0,ts_learned=7898,90.0,15.0,1
steady,p2c_learned+lc,0.0,False,1,0.9,0,7898,0,0,237.7977739997732,1199.1822813300312,1866.6879022480928,297.50004093403817,0.8864534600724682,0.0,p2c_learned=7898,90.0,15.0,0
steady,prequal,0.0,False,1,0.9,0,7898,0,0,184.31047049989505,828.9592767505651,1202.3951251509834,224.8920778008368,1.1380456404304211,0.0012661433274246,prequal=7888;prequal_empty_pool_random=10,90.0,15.0,1
steady,p2c_probe,0.0,False,1,0.9,0,7898,0,0,239.24080200004028,1908.171714879599,2734.091402713942,371.1961850888781,0.8418000621517402,0.0,p2c_probe=7898,90.0,15.0,0
steady,p3c_probe,0.0,False,1,0.9,0,7898,0,0,199.94248300054096,1618.338606649876,2712.065178519142,292.44672645163064,0.911192471204782,0.0,p3c_probe=7898,90.0,15.0,1
steady,sed3_probe,0.0,False,1,0.9,0,7898,0,0,206.29752249988087,835.6841148496369,1301.8331860324745,246.8094401633332,0.8737558238553078,0.0,sed3_probe=7898,90.0,15.0,0
steady,p2c_learned_probe,0.0,False,1,0.9,0,7898,0,0,232.2926305000692,998.3778309799704,1372.842586014155,287.8050855631807,0.9119842885188758,0.0,p2c_learned_probe=7898,90.0,15.0,1
steady,p3c_learned_probe,0.0,False,1,0.9,0,7898,0,0,206.33878099988576,858.4654027605391,1373.369131820446,252.31278346023885,0.9688513554397652,0.0,p3c_learned_probe=7898,90.0,15.0,0
steady,least_conn,0.0,False,4,0.9,0,7898,0,0,120.3943074997369,1033.0562153699416,1728.646451065836,182.8736601482634,0.8849031214867921,0.0,baseline_least_connections=7898,90.0,15.0,1
steady,sed,0.0,False,4,0.9,0,7898,0,0,173.27485300029366,746.9044946797743,1023.798252666399,214.6480993045116,0.8766577859037931,0.0,baseline_shortest_expected_delay=7898,90.0,15.0,0
steady,p2c,0.0,False,4,0.9,0,7898,0,0,225.14115050034889,2102.031767149747,3557.5723365592803,362.01675119322135,0.859582488578676,0.0,baseline_power_of_two_choices=7898,90.0,15.0,1
steady,greedy_learned,0.0,False,4,0.9,0,7898,0,0,137.343453000085,674.1563178200964,1020.1429879072614,176.4110704268216,0.9639210406929238,0.0,greedy_learned=7898,90.0,15.0,0
steady,ts_learned,0.0,False,4,0.9,0,7898,0,0,174.71397150029588,1078.8764837296549,1572.0715902549694,257.272193880478,0.9011435053075996,0.0,ts_learned=7898,90.0,15.0,1
steady,lin_ts,0.0,False,4,0.9,0,7898,0,0,3932.297062499402,24127.65788196065,25978.61357001729,5386.795802183088,28.13286927339228,0.0,rl_adaptive_lin_ts=7898,90.0,15.0,0
steady,p2c_learned,0.0,False,4,0.9,0,7898,0,0,220.0649370006431,1097.5682804094502,1518.0884211232797,274.9065160521638,0.8579649335209173,0.0,p2c_learned=7898,90.0,15.0,1
steady,p3c_learned,0.0,False,4,0.9,0,7898,0,0,187.1712579995801,785.6707114503465,1140.1624744095495,225.5774324686041,0.8695423305656471,0.0,p3c_learned=7898,90.0,15.0,0
steady,least_conn+lc,0.0,False,4,0.9,0,7898,0,0,137.04052299999603,1266.8558215386288,1923.1931316808743,207.68778268839128,0.9157198061531588,0.0,baseline_least_connections=7898,90.0,15.0,1
steady,greedy_learned+lc,0.0,False,4,0.9,0,7898,0,0,165.34551750009996,725.6206613193161,990.7266871107158,201.2991872680431,0.9792943227461304,0.0,greedy_learned=7898,90.0,15.0,0
steady,ts_learned+lc,0.0,False,4,0.9,0,7898,0,0,153.2221910010776,643.1506602814625,928.081638349626,187.60242436426648,0.9461604395989108,0.0,ts_learned=7898,90.0,15.0,1
steady,p2c_learned+lc,0.0,False,4,0.9,0,7898,0,0,226.40723000040447,1041.246292140003,1423.002149824296,283.354620438218,0.820081413962352,0.0,p2c_learned=7898,90.0,15.0,0
steady,prequal,0.0,False,4,0.9,0,7898,0,0,216.56406849979248,946.7136112995282,1405.9345246156774,264.45564686402344,1.290230931491639,0.0,prequal=7898,90.0,15.0,1
steady,p2c_probe,0.0,False,4,0.9,0,7898,0,0,246.91631849964324,2281.041493799985,3139.3782892866284,403.2040815864692,0.8581979008960149,0.0,p2c_probe=7898,90.0,15.0,0
steady,p3c_probe,0.0,False,4,0.9,0,7898,0,0,221.65216550001787,1683.7891812406067,2297.890540933854,320.28111916194376,0.9417306283525918,0.0,p3c_probe=7898,90.0,15.0,1
steady,sed3_probe,0.0,False,4,0.9,0,7898,0,0,187.0113519998995,722.3131628601544,1132.3677956004817,222.12424514813927,0.832759342357516,0.0,sed3_probe=7898,90.0,15.0,0
steady,p2c_learned_probe,0.0,False,4,0.9,0,7898,0,0,250.8472760009681,1131.3895124184637,1715.582380207857,302.3892047187854,0.8736766555132719,0.0,p2c_learned_probe=7898,90.0,15.0,1
steady,p3c_learned_probe,0.0,False,4,0.9,0,7898,0,0,206.2140879997969,839.9426095903237,1267.004459047262,244.7385953650273,0.8699496910030039,0.0,p3c_learned_probe=7898,90.0,15.0,0
steady,least_conn,0.0,False,16,0.9,0,7898,0,0,124.4581235005171,1079.8762048186284,1657.0663703957116,189.91380877195957,0.9108018469133932,0.0,baseline_least_connections=7898,90.0,15.0,1
steady,least_conn,0.1,True,1,0.9,0,7898,0,0,263.76493599946116,1983.7096108912356,3052.694489656368,383.041319767788,2.951591348037376,0.0,baseline_least_connections=7898,90.0,15.0,0
steady,least_conn,0.1,False,1,0.9,0,7898,0,0,261.91169649973745,2126.2255909394294,3140.9854577522196,396.83527334579037,3.211557165208551,0.0,baseline_least_connections=7898,90.0,15.0,1
steady,least_conn,0.5,True,1,0.9,0,7898,0,0,907.84708999945,8491.212988230083,10950.764140358282,1367.7225961109057,16.615168881594432,0.0,baseline_least_connections=7898,90.0,15.0,0
steady,least_conn,0.5,False,1,0.9,0,7898,0,0,1024.0573324999787,8616.312981800927,11184.40896555643,1510.0776765394905,14.908339693547463,0.0,baseline_least_connections=7898,90.0,15.0,1
steady,least_conn,2.0,False,1,0.9,0,7898,0,0,2554.0030249994743,31335.86438041964,40230.185981929855,4424.767067373509,22.408991340821583,0.0,baseline_least_connections=7898,90.0,15.0,1
steady,least_conn,2.0,True,1,0.9,0,7898,0,0,3040.2757974998167,32022.602146689693,37084.00547531565,5040.800044775253,23.289925381295774,0.0,baseline_least_connections=7898,90.0,15.0,0
steady,sed,0.1,True,1,0.9,0,7898,0,0,338.7130969995269,1676.4107864098678,3065.6902469409342,427.64588476017707,3.7707867063131264,0.0,baseline_shortest_expected_delay=7898,90.0,15.0,1
steady,sed,0.1,False,1,0.9,0,7898,0,0,329.352579999977,1804.976231059263,2927.1027086308504,413.59427503430175,3.558248289426141,0.0,baseline_shortest_expected_delay=7898,90.0,15.0,0
steady,sed,0.5,True,1,0.9,0,7898,0,0,1281.4116569998077,7517.144355431276,10199.272661533092,1595.137945307691,31.95700189672316,0.0,baseline_shortest_expected_delay=7898,90.0,15.0,1
steady,sed,0.5,False,1,0.9,0,7898,0,0,1254.6087615010038,7904.857894939265,11482.500782338886,1653.6221418937764,15.300859493070035,0.0,baseline_shortest_expected_delay=7898,90.0,15.0,0
steady,sed,2.0,True,1,0.9,0,7898,0,0,4440.708453000298,20274.832181219255,27632.899494350277,5482.723395771206,31.742202617040267,0.0,baseline_shortest_expected_delay=7898,90.0,15.0,1
steady,sed,2.0,False,1,0.9,0,7898,0,0,4764.893645500706,30050.02421240061,41839.99074910547,6014.512475481516,35.16375527475003,0.0,baseline_shortest_expected_delay=7898,90.0,15.0,0
steady,p2c,0.1,False,1,0.9,0,7898,0,0,211.2629029998061,1945.9929027591706,2527.4542031686246,349.7134892866588,0.9660047234331638,0.0,baseline_power_of_two_choices=7898,90.0,15.0,0
steady,p2c,0.1,True,1,0.9,0,7898,0,0,255.63699249960337,2101.655578238806,2814.8353505076366,387.78299010483477,1.0250133289446088,0.0,baseline_power_of_two_choices=7898,90.0,15.0,1
steady,p2c,0.5,True,1,0.9,0,7898,0,0,322.4547644995255,2833.320588579426,3961.603556307658,521.1530683822469,1.4621444181536514,0.0,baseline_power_of_two_choices=7898,90.0,15.0,0
steady,p2c,0.5,False,1,0.9,0,7898,0,0,332.00497749930946,3236.307575259324,4326.5177516851345,556.9940769220025,1.3665185835084352,0.0,baseline_power_of_two_choices=7898,90.0,15.0,1
steady,p2c,2.0,True,1,0.9,0,7898,0,0,548.4131789999083,5477.220273288984,7170.35900834471,977.6822608536368,2.458450426807507,0.0,baseline_power_of_two_choices=7898,90.0,15.0,0
steady,p2c,2.0,False,1,0.9,0,7898,0,0,593.8779429989154,6923.259029838371,8329.653401664378,1078.932422699806,2.443177952923217,0.0,baseline_power_of_two_choices=7898,90.0,15.0,1
steady,greedy_learned,0.1,True,1,0.9,0,7898,0,0,552.4714594994293,1718.7828821395847,2357.7307395435564,611.396826040137,3.58909128955945,0.0,greedy_learned=7898,90.0,15.0,0
steady,greedy_learned,0.1,False,1,0.9,0,7898,0,0,855.3912200004561,2227.6186842488996,2932.5178051311495,894.6875205626806,4.221858638300467,0.0,greedy_learned=7898,90.0,15.0,1
steady,greedy_learned,0.5,True,1,0.9,0,7898,0,0,3693.29026000014,14310.836340449392,19384.600949677937,3941.7704060726755,26.58945199014364,0.0,greedy_learned=7898,90.0,15.0,0
steady,greedy_learned,0.5,False,1,0.9,0,7898,0,0,3385.632665999765,23001.20995294044,27938.396386557273,3891.7355539542655,25.503352839378504,0.0,greedy_learned=7898,90.0,15.0,1
steady,greedy_learned,2.0,True,1,0.9,0,7898,0,0,7859.168422499351,59958.9342609804,67630.3213061772,12558.747630500768,32.939805258536424,0.0,greedy_learned=7898,90.0,15.0,0
steady,greedy_learned,2.0,False,1,0.9,0,7898,866,0,9508.714004999092,166841.9392209596,167689.16315325163,35057.13744072652,31.94162717104329,0.0,censored=866;greedy_learned=7032,90.0,15.0,1
steady,ts_learned,0.1,True,1,0.9,0,7898,0,0,564.986625500751,2405.829886899736,4489.23563937257,647.4335304373157,4.475796444246809,0.0,ts_learned=7898,90.0,15.0,0
steady,ts_learned,0.1,False,1,0.9,0,7898,0,0,604.9557059996005,1875.569176999561,2653.5579008117006,665.739732875904,4.197546602200406,0.0,ts_learned=7898,90.0,15.0,1
steady,ts_learned,0.5,True,1,0.9,0,7898,0,0,2885.4388985000696,102077.10438861097,113677.90259697629,7386.630697011132,20.644811621210486,0.0,ts_learned=7898,90.0,15.0,0
steady,ts_learned,0.5,False,1,0.9,0,7898,623,0,2922.452246500143,155298.8905005803,156157.8671363001,23109.929516308675,21.30848278724294,0.0,censored=623;ts_learned=7275,90.0,15.0,1
steady,ts_learned,2.0,True,1,0.9,0,7898,2126,0,50978.16382949986,168589.5052186703,169287.18078811796,72347.59065115688,31.227784798245345,0.0,censored=2126;ts_learned=5772,90.0,15.0,0
steady,lin_ts,0.1,True,1,0.9,0,7898,0,0,3804.0622090002216,23448.900313439754,30075.624353640025,4722.5419790530605,30.020462209145034,0.0,rl_adaptive_lin_ts=7898,90.0,15.0,0
steady,ts_learned,2.0,False,1,0.9,0,7898,3421,0,116180.58177500006,192641.46891567987,193552.64700681018,94141.80499201998,31.148199689698547,0.0,censored=3421;ts_learned=4477,90.0,15.0,1
steady,lin_ts,0.1,False,1,0.9,0,7898,0,0,4052.409921999242,26479.28202002009,35840.0220477413,5654.975581739175,28.846644733528276,0.0,rl_adaptive_lin_ts=7898,90.0,15.0,0
steady,lin_ts,0.5,True,1,0.9,0,7898,0,0,3705.270544999621,29483.556119468256,32748.084144326134,5543.923975269698,26.866712557006515,0.0,rl_adaptive_lin_ts=7898,90.0,15.0,1
steady,lin_ts,0.5,False,1,0.9,0,7898,0,0,3487.19530749986,22357.975999429626,31020.858383227274,4687.848029736759,31.21142622048182,0.0,rl_adaptive_lin_ts=7898,90.0,15.0,0
steady,lin_ts,2.0,True,1,0.9,0,7898,0,0,5443.735408999601,42128.20312556937,45023.76267194303,8448.523662749818,26.975233874801777,0.0,rl_adaptive_lin_ts=7898,90.0,15.0,1
steady,lin_ts,2.0,False,1,0.9,0,7898,0,0,5044.699091499751,41178.79655626971,52693.75515075833,7074.763648470751,31.094807278558257,0.0,rl_adaptive_lin_ts=7898,90.0,15.0,0
steady,p2c_learned,0.1,True,1,0.9,0,7898,0,0,276.0881479989621,1237.8522477209297,1872.2976704199873,334.8856635007704,1.0955665167704869,0.0,p2c_learned=7898,90.0,15.0,1
steady,p2c_learned,0.1,False,1,0.9,0,7898,0,0,260.6987634999314,1112.0816725015166,1607.8312056833377,313.51393040187287,1.00949964205419,0.0,p2c_learned=7898,90.0,15.0,0
steady,p2c_learned,0.5,True,1,0.9,0,7898,0,0,402.04161499968905,1683.7625285100858,2666.546657238776,472.02883032704807,2.262577271664732,0.0,p2c_learned=7898,90.0,15.0,1
steady,p2c_learned,0.5,False,1,0.9,0,7898,0,0,326.59375149978587,1584.6771463990067,2343.421443049135,402.38626630324376,1.7803419262421925,0.0,p2c_learned=7898,90.0,15.0,0
steady,p2c_learned,2.0,True,1,0.9,0,7898,0,0,561.131846000535,4865.781357559074,12368.364057447185,800.7786627553751,1.9617244458921943,0.0,p2c_learned=7898,90.0,15.0,1
steady,p2c_learned,2.0,False,1,0.9,0,7898,0,0,539.7433694997744,2939.4582549009815,3544.308466927808,709.7861954121356,2.03285375845215,0.0,p2c_learned=7898,90.0,15.0,0
steady,p3c_learned,0.1,True,1,0.9,0,7898,0,0,244.0973490001852,970.3716474006064,1685.9081132012873,288.7430548261621,1.205362604826901,0.0,p3c_learned=7898,90.0,15.0,1
steady,p3c_learned,0.1,False,1,0.9,0,7898,0,0,261.86364800014417,1085.7043733397581,2590.3641320452493,310.7149574311316,1.3158085829018238,0.0,p3c_learned=7898,90.0,15.0,0
steady,p3c_learned,0.5,True,1,0.9,0,7898,0,0,441.3540939995073,1747.2919820900638,2660.8529028199064,509.22572434489217,2.192075270436616,0.0,p3c_learned=7898,90.0,15.0,1
steady,p3c_learned,0.5,False,1,0.9,0,7898,0,0,441.80593400051293,1676.0992508502,2587.4712826183195,509.6725006485149,4.338365050753433,0.0,p3c_learned=7898,90.0,15.0,0
steady,p3c_learned,2.0,True,1,0.9,0,7898,0,0,1156.885947999399,18658.642571940705,28897.226175564905,1639.5965687490586,5.2901114018808135,0.0,p3c_learned=7898,90.0,15.0,1
steady,p3c_learned,2.0,False,1,0.9,0,7898,0,0,1282.6564474989937,37396.58144731004,50798.29488029672,2418.5137700920573,4.816459472482879,0.0,p3c_learned=7898,90.0,15.0,0
steady,least_conn+lc,0.1,True,1,0.9,0,7898,0,0,168.35184149931592,1484.041172278993,2192.175032541414,256.5196982424657,0.7235812860565476,0.0,baseline_least_connections=7898,90.0,15.0,1
